// Code generated by protoc-gen-go. DO NOT EDIT.
// versions:
// 	protoc-gen-go v1.36.5
// 	protoc        (unknown)
// source: alpaca/broker/v1/service.proto

package brokerv1

import (
	reflect "reflect"
	unsafe "unsafe"

	_ "github.com/SebastienMelki/sebuf/http"
	protoreflect "google.golang.org/protobuf/reflect/protoreflect"
	protoimpl "google.golang.org/protobuf/runtime/protoimpl"
)

const (
	// Verify that this generated code is sufficiently up-to-date.
	_ = protoimpl.EnforceVersion(20 - protoimpl.MinVersion)
	// Verify that runtime/protoimpl is sufficiently up-to-date.
	_ = protoimpl.EnforceVersion(protoimpl.MaxVersion - 20)
)

var File_alpaca_broker_v1_service_proto protoreflect.FileDescriptor

var file_alpaca_broker_v1_service_proto_rawDesc = string([]byte{
	0x0a, 0x1e, 0x61, 0x6c, 0x70, 0x61, 0x63, 0x61, 0x2f, 0x62, 0x72, 0x6f, 0x6b, 0x65, 0x72, 0x2f,
	0x76, 0x31, 0x2f, 0x73, 0x65, 0x72, 0x76, 0x69, 0x63, 0x65, 0x2e, 0x70, 0x72, 0x6f, 0x74, 0x6f,
	0x12, 0x10, 0x61, 0x6c, 0x70, 0x61, 0x63, 0x61, 0x2e, 0x62, 0x72, 0x6f, 0x6b, 0x65, 0x72, 0x2e,
	0x76, 0x31, 0x1a, 0x1c, 0x73, 0x65, 0x62, 0x75, 0x66, 0x2f, 0x68, 0x74, 0x74, 0x70, 0x2f, 0x61,
	0x6e, 0x6e, 0x6f, 0x74, 0x61, 0x74, 0x69, 0x6f, 0x6e, 0x73, 0x2e, 0x70, 0x72, 0x6f, 0x74, 0x6f,
	0x1a, 0x18, 0x73, 0x65, 0x62, 0x75, 0x66, 0x2f, 0x68, 0x74, 0x74, 0x70, 0x2f, 0x68, 0x65, 0x61,
	0x64, 0x65, 0x72, 0x73, 0x2e, 0x70, 0x72, 0x6f, 0x74, 0x6f, 0x1a, 0x25, 0x61, 0x6c, 0x70, 0x61,
	0x63, 0x61, 0x2f, 0x62, 0x72, 0x6f, 0x6b, 0x65, 0x72, 0x2f, 0x76, 0x31, 0x2f, 0x62, 0x72, 0x6f,
	0x6b, 0x65, 0x72, 0x5f, 0x61, 0x63, 0x63, 0x6f, 0x75, 0x6e, 0x74, 0x2e, 0x70, 0x72, 0x6f, 0x74,
	0x6f, 0x1a, 0x25, 0x61, 0x6c, 0x70, 0x61, 0x63, 0x61, 0x2f, 0x62, 0x72, 0x6f, 0x6b, 0x65, 0x72,
	0x2f, 0x76, 0x31, 0x2f, 0x63, 0x72, 0x65, 0x61, 0x74, 0x65, 0x5f, 0x61, 0x63, 0x63, 0x6f, 0x75,
	0x6e, 0x74, 0x2e, 0x70, 0x72, 0x6f, 0x74, 0x6f, 0x1a, 0x24, 0x61, 0x6c, 0x70, 0x61, 0x63, 0x61,
	0x2f, 0x62, 0x72, 0x6f, 0x6b, 0x65, 0x72, 0x2f, 0x76, 0x31, 0x2f, 0x6c, 0x69, 0x73, 0x74, 0x5f,
	0x61, 0x63, 0x63, 0x6f, 0x75, 0x6e, 0x74, 0x73, 0x2e, 0x70, 0x72, 0x6f, 0x74, 0x6f, 0x1a, 0x22,
	0x61, 0x6c, 0x70, 0x61, 0x63, 0x61, 0x2f, 0x62, 0x72, 0x6f, 0x6b, 0x65, 0x72, 0x2f, 0x76, 0x31,
	0x2f, 0x67, 0x65, 0x74, 0x5f, 0x61, 0x63, 0x63, 0x6f, 0x75, 0x6e, 0x74, 0x2e, 0x70, 0x72, 0x6f,
	0x74, 0x6f, 0x1a, 0x25, 0x61, 0x6c, 0x70, 0x61, 0x63, 0x61, 0x2f, 0x62, 0x72, 0x6f, 0x6b, 0x65,
	0x72, 0x2f, 0x76, 0x31, 0x2f, 0x75, 0x70, 0x64, 0x61, 0x74, 0x65, 0x5f, 0x61, 0x63, 0x63, 0x6f,
	0x75, 0x6e, 0x74, 0x2e, 0x70, 0x72, 0x6f, 0x74, 0x6f, 0x1a, 0x24, 0x61, 0x6c, 0x70, 0x61, 0x63,
	0x61, 0x2f, 0x62, 0x72, 0x6f, 0x6b, 0x65, 0x72, 0x2f, 0x76, 0x31, 0x2f, 0x63, 0x6c, 0x6f, 0x73,
	0x65, 0x5f, 0x61, 0x63, 0x63, 0x6f, 0x75, 0x6e, 0x74, 0x2e, 0x70, 0x72, 0x6f, 0x74, 0x6f, 0x1a,
	0x27, 0x61, 0x6c, 0x70, 0x61, 0x63, 0x61, 0x2f, 0x62, 0x72, 0x6f, 0x6b, 0x65, 0x72, 0x2f, 0x76,
	0x31, 0x2f, 0x61, 0x63, 0x68, 0x5f, 0x72, 0x65, 0x6c, 0x61, 0x74, 0x69, 0x6f, 0x6e, 0x73, 0x68,
	0x69, 0x70, 0x2e, 0x70, 0x72, 0x6f, 0x74, 0x6f, 0x1a, 0x2e, 0x61, 0x6c, 0x70, 0x61, 0x63, 0x61,
	0x2f, 0x62, 0x72, 0x6f, 0x6b, 0x65, 0x72, 0x2f, 0x76, 0x31, 0x2f, 0x63, 0x72, 0x65, 0x61, 0x74,
	0x65, 0x5f, 0x61, 0x63, 0x68, 0x5f, 0x72, 0x65, 0x6c, 0x61, 0x74, 0x69, 0x6f, 0x6e, 0x73, 0x68,
	0x69, 0x70, 0x2e, 0x70, 0x72, 0x6f, 0x74, 0x6f, 0x1a, 0x2d, 0x61, 0x6c, 0x70, 0x61, 0x63, 0x61,
	0x2f, 0x62, 0x72, 0x6f, 0x6b, 0x65, 0x72, 0x2f, 0x76, 0x31, 0x2f, 0x6c, 0x69, 0x73, 0x74, 0x5f,
	0x61, 0x63, 0x68, 0x5f, 0x72, 0x65, 0x6c, 0x61, 0x74, 0x69, 0x6f, 0x6e, 0x73, 0x68, 0x69, 0x70,
	0x73, 0x2e, 0x70, 0x72, 0x6f, 0x74, 0x6f, 0x1a, 0x2e, 0x61, 0x6c, 0x70, 0x61, 0x63, 0x61, 0x2f,
	0x62, 0x72, 0x6f, 0x6b, 0x65, 0x72, 0x2f, 0x76, 0x31, 0x2f, 0x64, 0x65, 0x6c, 0x65, 0x74, 0x65,
	0x5f, 0x61, 0x63, 0x68, 0x5f, 0x72, 0x65, 0x6c, 0x61, 0x74, 0x69, 0x6f, 0x6e, 0x73, 0x68, 0x69,
	0x70, 0x2e, 0x70, 0x72, 0x6f, 0x74, 0x6f, 0x1a, 0x1f, 0x61, 0x6c, 0x70, 0x61, 0x63, 0x61, 0x2f,
	0x62, 0x72, 0x6f, 0x6b, 0x65, 0x72, 0x2f, 0x76, 0x31, 0x2f, 0x74, 0x72, 0x61, 0x6e, 0x73, 0x66,
	0x65, 0x72, 0x2e, 0x70, 0x72, 0x6f, 0x74, 0x6f, 0x1a, 0x26, 0x61, 0x6c, 0x70, 0x61, 0x63, 0x61,
	0x2f, 0x62, 0x72, 0x6f, 0x6b, 0x65, 0x72, 0x2f, 0x76, 0x31, 0x2f, 0x63, 0x72, 0x65, 0x61, 0x74,
	0x65, 0x5f, 0x74, 0x72, 0x61, 0x6e, 0x73, 0x66, 0x65, 0x72, 0x2e, 0x70, 0x72, 0x6f, 0x74, 0x6f,
	0x1a, 0x25, 0x61, 0x6c, 0x70, 0x61, 0x63, 0x61, 0x2f, 0x62, 0x72, 0x6f, 0x6b, 0x65, 0x72, 0x2f,
	0x76, 0x31, 0x2f, 0x6c, 0x69, 0x73, 0x74, 0x5f, 0x74, 0x72, 0x61, 0x6e, 0x73, 0x66, 0x65, 0x72,
	0x73, 0x2e, 0x70, 0x72, 0x6f, 0x74, 0x6f, 0x1a, 0x23, 0x61, 0x6c, 0x70, 0x61, 0x63, 0x61, 0x2f,
	0x62, 0x72, 0x6f, 0x6b, 0x65, 0x72, 0x2f, 0x76, 0x31, 0x2f, 0x67, 0x65, 0x74, 0x5f, 0x74, 0x72,
	0x61, 0x6e, 0x73, 0x66, 0x65, 0x72, 0x2e, 0x70, 0x72, 0x6f, 0x74, 0x6f, 0x1a, 0x26, 0x61, 0x6c,
	0x70, 0x61, 0x63, 0x61, 0x2f, 0x62, 0x72, 0x6f, 0x6b, 0x65, 0x72, 0x2f, 0x76, 0x31, 0x2f, 0x63,
	0x61, 0x6e, 0x63, 0x65, 0x6c, 0x5f, 0x74, 0x72, 0x61, 0x6e, 0x73, 0x66, 0x65, 0x72, 0x2e, 0x70,
	0x72, 0x6f, 0x74, 0x6f, 0x1a, 0x24, 0x61, 0x6c, 0x70, 0x61, 0x63, 0x61, 0x2f, 0x62, 0x72, 0x6f,
	0x6b, 0x65, 0x72, 0x2f, 0x76, 0x31, 0x2f, 0x74, 0x72, 0x61, 0x64, 0x69, 0x6e, 0x67, 0x5f, 0x6f,
	0x72, 0x64, 0x65, 0x72, 0x2e, 0x70, 0x72, 0x6f, 0x74, 0x6f, 0x1a, 0x2b, 0x61, 0x6c, 0x70, 0x61,
	0x63, 0x61, 0x2f, 0x62, 0x72, 0x6f, 0x6b, 0x65, 0x72, 0x2f, 0x76, 0x31, 0x2f, 0x63, 0x72, 0x65,
	0x61, 0x74, 0x65, 0x5f, 0x74, 0x72, 0x61, 0x64, 0x69, 0x6e, 0x67, 0x5f, 0x6f, 0x72, 0x64, 0x65,
	0x72, 0x2e, 0x70, 0x72, 0x6f, 0x74, 0x6f, 0x1a, 0x2a, 0x61, 0x6c, 0x70, 0x61, 0x63, 0x61, 0x2f,
	0x62, 0x72, 0x6f, 0x6b, 0x65, 0x72, 0x2f, 0x76, 0x31, 0x2f, 0x6c, 0x69, 0x73, 0x74, 0x5f, 0x74,
	0x72, 0x61, 0x64, 0x69, 0x6e, 0x67, 0x5f, 0x6f, 0x72, 0x64, 0x65, 0x72, 0x73, 0x2e, 0x70, 0x72,
	0x6f, 0x74, 0x6f, 0x1a, 0x28, 0x61, 0x6c, 0x70, 0x61, 0x63, 0x61, 0x2f, 0x62, 0x72, 0x6f, 0x6b,
	0x65, 0x72, 0x2f, 0x76, 0x31, 0x2f, 0x67, 0x65, 0x74, 0x5f, 0x74, 0x72, 0x61, 0x64, 0x69, 0x6e,
	0x67, 0x5f, 0x6f, 0x72, 0x64, 0x65, 0x72, 0x2e, 0x70, 0x72, 0x6f, 0x74, 0x6f, 0x1a, 0x2b, 0x61,
	0x6c, 0x70, 0x61, 0x63, 0x61, 0x2f, 0x62, 0x72, 0x6f, 0x6b, 0x65, 0x72, 0x2f, 0x76, 0x31, 0x2f,
	0x63, 0x61, 0x6e, 0x63, 0x65, 0x6c, 0x5f, 0x74, 0x72, 0x61, 0x64, 0x69, 0x6e, 0x67, 0x5f, 0x6f,
	0x72, 0x64, 0x65, 0x72, 0x2e, 0x70, 0x72, 0x6f, 0x74, 0x6f, 0x1a, 0x27, 0x61, 0x6c, 0x70, 0x61,
	0x63, 0x61, 0x2f, 0x62, 0x72, 0x6f, 0x6b, 0x65, 0x72, 0x2f, 0x76, 0x31, 0x2f, 0x74, 0x72, 0x61,
	0x64, 0x69, 0x6e, 0x67, 0x5f, 0x70, 0x6f, 0x73, 0x69, 0x74, 0x69, 0x6f, 0x6e, 0x2e, 0x70, 0x72,
	0x6f, 0x74, 0x6f, 0x1a, 0x1f, 0x61, 0x6c, 0x70, 0x61, 0x63, 0x61, 0x2f, 0x62, 0x72, 0x6f, 0x6b,
	0x65, 0x72, 0x2f, 0x76, 0x31, 0x2f, 0x64, 0x6f, 0x63, 0x75, 0x6d, 0x65, 0x6e, 0x74, 0x2e, 0x70,
	0x72, 0x6f, 0x74, 0x6f, 0x1a, 0x20, 0x61, 0x6c, 0x70, 0x61, 0x63, 0x61, 0x2f, 0x62, 0x72, 0x6f,
	0x6b, 0x65, 0x72, 0x2f, 0x76, 0x31, 0x2f, 0x77, 0x61, 0x74, 0x63, 0x68, 0x6c, 0x69, 0x73, 0x74,
	0x2e, 0x70, 0x72, 0x6f, 0x74, 0x6f, 0x1a, 0x2c, 0x61, 0x6c, 0x70, 0x61, 0x63, 0x61, 0x2f, 0x62,
	0x72, 0x6f, 0x6b, 0x65, 0x72, 0x2f, 0x76, 0x31, 0x2f, 0x62, 0x72, 0x6f, 0x6b, 0x65, 0x72, 0x5f,
	0x63, 0x72, 0x79, 0x70, 0x74, 0x6f, 0x5f, 0x66, 0x75, 0x6e, 0x64, 0x69, 0x6e, 0x67, 0x2e, 0x70,
	0x72, 0x6f, 0x74, 0x6f, 0x1a, 0x1e, 0x61, 0x6c, 0x70, 0x61, 0x63, 0x61, 0x2f, 0x62, 0x72, 0x6f,
	0x6b, 0x65, 0x72, 0x2f, 0x76, 0x31, 0x2f, 0x6a, 0x6f, 0x75, 0x72, 0x6e, 0x61, 0x6c, 0x2e, 0x70,
	0x72, 0x6f, 0x74, 0x6f, 0x1a, 0x22, 0x61, 0x6c, 0x70, 0x61, 0x63, 0x61, 0x2f, 0x62, 0x72, 0x6f,
	0x6b, 0x65, 0x72, 0x2f, 0x76, 0x31, 0x2f, 0x72, 0x65, 0x62, 0x61, 0x6c, 0x61, 0x6e, 0x63, 0x69,
	0x6e, 0x67, 0x2e, 0x70, 0x72, 0x6f, 0x74, 0x6f, 0x1a, 0x1a, 0x61, 0x6c, 0x70, 0x61, 0x63, 0x61,
	0x2f, 0x62, 0x72, 0x6f, 0x6b, 0x65, 0x72, 0x2f, 0x76, 0x31, 0x2f, 0x6a, 0x69, 0x74, 0x2e, 0x70,
	0x72, 0x6f, 0x74, 0x6f, 0x1a, 0x26, 0x61, 0x6c, 0x70, 0x61, 0x63, 0x61, 0x2f, 0x62, 0x72, 0x6f,
	0x6b, 0x65, 0x72, 0x2f, 0x76, 0x31, 0x2f, 0x69, 0x6e, 0x73, 0x74, 0x61, 0x6e, 0x74, 0x5f, 0x66,
	0x75, 0x6e, 0x64, 0x69, 0x6e, 0x67, 0x2e, 0x70, 0x72, 0x6f, 0x74, 0x6f, 0x1a, 0x1b, 0x61, 0x6c,
	0x70, 0x61, 0x63, 0x61, 0x2f, 0x62, 0x72, 0x6f, 0x6b, 0x65, 0x72, 0x2f, 0x76, 0x31, 0x2f, 0x66,
	0x70, 0x73, 0x6c, 0x2e, 0x70, 0x72, 0x6f, 0x74, 0x6f, 0x1a, 0x1c, 0x61, 0x6c, 0x70, 0x61, 0x63,
	0x61, 0x2f, 0x62, 0x72, 0x6f, 0x6b, 0x65, 0x72, 0x2f, 0x76, 0x31, 0x2f, 0x6f, 0x61, 0x75, 0x74,
	0x68, 0x2e, 0x70, 0x72, 0x6f, 0x74, 0x6f, 0x1a, 0x1a, 0x61, 0x6c, 0x70, 0x61, 0x63, 0x61, 0x2f,
	0x62, 0x72, 0x6f, 0x6b, 0x65, 0x72, 0x2f, 0x76, 0x31, 0x2f, 0x73, 0x73, 0x65, 0x2e, 0x70, 0x72,
	0x6f, 0x74, 0x6f, 0x1a, 0x1a, 0x61, 0x6c, 0x70, 0x61, 0x63, 0x61, 0x2f, 0x62, 0x72, 0x6f, 0x6b,
	0x65, 0x72, 0x2f, 0x76, 0x31, 0x2f, 0x63, 0x69, 0x70, 0x2e, 0x70, 0x72, 0x6f, 0x74, 0x6f, 0x1a,
	0x1d, 0x61, 0x6c, 0x70, 0x61, 0x63, 0x61, 0x2f, 0x62, 0x72, 0x6f, 0x6b, 0x65, 0x72, 0x2f, 0x76,
	0x31, 0x2f, 0x6f, 0x6e, 0x66, 0x69, 0x64, 0x6f, 0x2e, 0x70, 0x72, 0x6f, 0x74, 0x6f, 0x1a, 0x1f,
	0x61, 0x6c, 0x70, 0x61, 0x63, 0x61, 0x2f, 0x62, 0x72, 0x6f, 0x6b, 0x65, 0x72, 0x2f, 0x76, 0x31,
	0x2f, 0x63, 0x61, 0x6c, 0x65, 0x6e, 0x64, 0x61, 0x72, 0x2e, 0x70, 0x72, 0x6f, 0x74, 0x6f, 0x1a,
	0x1e, 0x61, 0x6c, 0x70, 0x61, 0x63, 0x61, 0x2f, 0x62, 0x72, 0x6f, 0x6b, 0x65, 0x72, 0x2f, 0x76,
	0x31, 0x2f, 0x6f, 0x70, 0x74, 0x69, 0x6f, 0x6e, 0x73, 0x2e, 0x70, 0x72, 0x6f, 0x74, 0x6f, 0x1a,
	0x1a, 0x61, 0x6c, 0x70, 0x61, 0x63, 0x61, 0x2f, 0x62, 0x72, 0x6f, 0x6b, 0x65, 0x72, 0x2f, 0x76,
	0x31, 0x2f, 0x69, 0x72, 0x61, 0x2e, 0x70, 0x72, 0x6f, 0x74, 0x6f, 0x1a, 0x1e, 0x61, 0x6c, 0x70,
	0x61, 0x63, 0x61, 0x2f, 0x62, 0x72, 0x6f, 0x6b, 0x65, 0x72, 0x2f, 0x76, 0x31, 0x2f, 0x63, 0x6f,
	0x75, 0x6e, 0x74, 0x72, 0x79, 0x2e, 0x70, 0x72, 0x6f, 0x74, 0x6f, 0x32, 0xf4, 0x79, 0x0a, 0x0d,
	0x42, 0x72, 0x6f, 0x6b, 0x65, 0x72, 0x53, 0x65, 0x72, 0x76, 0x69, 0x63, 0x65, 0x12, 0x6b, 0x0a,
	0x0d, 0x43, 0x72, 0x65, 0x61, 0x74, 0x65, 0x41, 0x63, 0x63, 0x6f, 0x75, 0x6e, 0x74, 0x12, 0x26,
	0x2e, 0x61, 0x6c, 0x70, 0x61, 0x63, 0x61, 0x2e, 0x62, 0x72, 0x6f, 0x6b, 0x65, 0x72, 0x2e, 0x76,
	0x31, 0x2e, 0x43, 0x72, 0x65, 0x61, 0x74, 0x65, 0x41, 0x63, 0x63, 0x6f, 0x75, 0x6e, 0x74, 0x52,
	0x65, 0x71, 0x75, 0x65, 0x73, 0x74, 0x1a, 0x1f, 0x2e, 0x61, 0x6c, 0x70, 0x61, 0x63, 0x61, 0x2e,
	0x62, 0x72, 0x6f, 0x6b, 0x65, 0x72, 0x2e, 0x76, 0x31, 0x2e, 0x42, 0x72, 0x6f, 0x6b, 0x65, 0x72,
	0x41, 0x63, 0x63, 0x6f, 0x75, 0x6e, 0x74, 0x22, 0x11, 0x9a, 0xb5, 0x18, 0x0d, 0x0a, 0x09, 0x2f,
	0x61, 0x63, 0x63, 0x6f, 0x75, 0x6e, 0x74, 0x73, 0x10, 0x02, 0x12, 0x70, 0x0a, 0x0c, 0x4c, 0x69,
	0x73, 0x74, 0x41, 0x63, 0x63, 0x6f, 0x75, 0x6e, 0x74, 0x73, 0x12, 0x25, 0x2e, 0x61, 0x6c, 0x70,
	0x61, 0x63, 0x61, 0x2e, 0x62, 0x72, 0x6f, 0x6b, 0x65, 0x72, 0x2e, 0x76, 0x31, 0x2e, 0x4c, 0x69,
	0x73, 0x74, 0x41, 0x63, 0x63, 0x6f, 0x75, 0x6e, 0x74, 0x73, 0x52, 0x65, 0x71, 0x75, 0x65, 0x73,
	0x74, 0x1a, 0x26, 0x2e, 0x61, 0x6c, 0x70, 0x61, 0x63, 0x61, 0x2e, 0x62, 0x72, 0x6f, 0x6b, 0x65,
	0x72, 0x2e, 0x76, 0x31, 0x2e, 0x4c, 0x69, 0x73, 0x74, 0x41, 0x63, 0x63, 0x6f, 0x75, 0x6e, 0x74,
	0x73, 0x52, 0x65, 0x73, 0x70, 0x6f, 0x6e, 0x73, 0x65, 0x22, 0x11, 0x9a, 0xb5, 0x18, 0x0d, 0x0a,
	0x09, 0x2f, 0x61, 0x63, 0x63, 0x6f, 0x75, 0x6e, 0x74, 0x73, 0x10, 0x01, 0x12, 0x78, 0x0a, 0x0a,
	0x47, 0x65, 0x74, 0x41, 0x63, 0x63, 0x6f, 0x75, 0x6e, 0x74, 0x12, 0x29, 0x2e, 0x61, 0x6c, 0x70,
	0x61, 0x63, 0x61, 0x2e, 0x62, 0x72, 0x6f, 0x6b, 0x65, 0x72, 0x2e, 0x76, 0x31, 0x2e, 0x47, 0x65,
	0x74, 0x42, 0x72, 0x6f, 0x6b, 0x65, 0x72, 0x41, 0x63, 0x63, 0x6f, 0x75, 0x6e, 0x74, 0x52, 0x65,
	0x71, 0x75, 0x65, 0x73, 0x74, 0x1a, 0x1f, 0x2e, 0x61, 0x6c, 0x70, 0x61, 0x63, 0x61, 0x2e, 0x62,
	0x72, 0x6f, 0x6b, 0x65, 0x72, 0x2e, 0x76, 0x31, 0x2e, 0x42, 0x72, 0x6f, 0x6b, 0x65, 0x72, 0x41,
	0x63, 0x63, 0x6f, 0x75, 0x6e, 0x74, 0x22, 0x1e, 0x9a, 0xb5, 0x18, 0x1a, 0x0a, 0x16, 0x2f, 0x61,
	0x63, 0x63, 0x6f, 0x75, 0x6e, 0x74, 0x73, 0x2f, 0x7b, 0x61, 0x63, 0x63, 0x6f, 0x75, 0x6e, 0x74,
	0x5f, 0x69, 0x64, 0x7d, 0x10, 0x01, 0x12, 0x7e, 0x0a, 0x0d, 0x55, 0x70, 0x64, 0x61, 0x74, 0x65,
	0x41, 0x63, 0x63, 0x6f, 0x75, 0x6e, 0x74, 0x12, 0x2c, 0x2e, 0x61, 0x6c, 0x70, 0x61, 0x63, 0x61,
	0x2e, 0x62, 0x72, 0x6f, 0x6b, 0x65, 0x72, 0x2e, 0x76, 0x31, 0x2e, 0x55, 0x70, 0x64, 0x61, 0x74,
	0x65, 0x42, 0x72, 0x6f, 0x6b, 0x65, 0x72, 0x41, 0x63, 0x63, 0x6f, 0x75, 0x6e, 0x74, 0x52, 0x65,
	0x71, 0x75, 0x65, 0x73, 0x74, 0x1a, 0x1f, 0x2e, 0x61, 0x6c, 0x70, 0x61, 0x63, 0x61, 0x2e, 0x62,
	0x72, 0x6f, 0x6b, 0x65, 0x72, 0x2e, 0x76, 0x31, 0x2e, 0x42, 0x72, 0x6f, 0x6b, 0x65, 0x72, 0x41,
	0x63, 0x63, 0x6f, 0x75, 0x6e, 0x74, 0x22, 0x1e, 0x9a, 0xb5, 0x18, 0x1a, 0x0a, 0x16, 0x2f, 0x61,
	0x63, 0x63, 0x6f, 0x75, 0x6e, 0x74, 0x73, 0x2f, 0x7b, 0x61, 0x63, 0x63, 0x6f, 0x75, 0x6e, 0x74,
	0x5f, 0x69, 0x64, 0x7d, 0x10, 0x05, 0x12, 0x89, 0x01, 0x0a, 0x0c, 0x43, 0x6c, 0x6f, 0x73, 0x65,
	0x41, 0x63, 0x63, 0x6f, 0x75, 0x6e, 0x74, 0x12, 0x2b, 0x2e, 0x61, 0x6c, 0x70, 0x61, 0x63, 0x61,
	0x2e, 0x62, 0x72, 0x6f, 0x6b, 0x65, 0x72, 0x2e, 0x76, 0x31, 0x2e, 0x43, 0x6c, 0x6f, 0x73, 0x65,
	0x42, 0x72, 0x6f, 0x6b, 0x65, 0x72, 0x41, 0x63, 0x63, 0x6f, 0x75, 0x6e, 0x74, 0x52, 0x65, 0x71,
	0x75, 0x65, 0x73, 0x74, 0x1a, 0x2c, 0x2e, 0x61, 0x6c, 0x70, 0x61, 0x63, 0x61, 0x2e, 0x62, 0x72,
	0x6f, 0x6b, 0x65, 0x72, 0x2e, 0x76, 0x31, 0x2e, 0x43, 0x6c, 0x6f, 0x73, 0x65, 0x42, 0x72, 0x6f,
	0x6b, 0x65, 0x72, 0x41, 0x63, 0x63, 0x6f, 0x75, 0x6e, 0x74, 0x52, 0x65, 0x73, 0x70, 0x6f, 0x6e,
	0x73, 0x65, 0x22, 0x1e, 0x9a, 0xb5, 0x18, 0x1a, 0x0a, 0x16, 0x2f, 0x61, 0x63, 0x63, 0x6f, 0x75,
	0x6e, 0x74, 0x73, 0x2f, 0x7b, 0x61, 0x63, 0x63, 0x6f, 0x75, 0x6e, 0x74, 0x5f, 0x69, 0x64, 0x7d,
	0x10, 0x04, 0x12, 0x9c, 0x01, 0x0a, 0x15, 0x43, 0x72, 0x65, 0x61, 0x74, 0x65, 0x41, 0x43, 0x48,
	0x52, 0x65, 0x6c, 0x61, 0x74, 0x69, 0x6f, 0x6e, 0x73, 0x68, 0x69, 0x70, 0x12, 0x2e, 0x2e, 0x61,
	0x6c, 0x70, 0x61, 0x63, 0x61, 0x2e, 0x62, 0x72, 0x6f, 0x6b, 0x65, 0x72, 0x2e, 0x76, 0x31, 0x2e,
	0x43, 0x72, 0x65, 0x61, 0x74, 0x65, 0x41, 0x43, 0x48, 0x52, 0x65, 0x6c, 0x61, 0x74, 0x69, 0x6f,
	0x6e, 0x73, 0x68, 0x69, 0x70, 0x52, 0x65, 0x71, 0x75, 0x65, 0x73, 0x74, 0x1a, 0x21, 0x2e, 0x61,
	0x6c, 0x70, 0x61, 0x63, 0x61, 0x2e, 0x62, 0x72, 0x6f, 0x6b, 0x65, 0x72, 0x2e, 0x76, 0x31, 0x2e,
	0x41, 0x43, 0x48, 0x52, 0x65, 0x6c, 0x61, 0x74, 0x69, 0x6f, 0x6e, 0x73, 0x68, 0x69, 0x70, 0x22,
	0x30, 0x9a, 0xb5, 0x18, 0x2c, 0x0a, 0x28, 0x2f, 0x61, 0x63, 0x63, 0x6f, 0x75, 0x6e, 0x74, 0x73,
	0x2f, 0x7b, 0x61, 0x63, 0x63, 0x6f, 0x75, 0x6e, 0x74, 0x5f, 0x69, 0x64, 0x7d, 0x2f, 0x61, 0x63,
	0x68, 0x5f, 0x72, 0x65, 0x6c, 0x61, 0x74, 0x69, 0x6f, 0x6e, 0x73, 0x68, 0x69, 0x70, 0x73, 0x10,
	0x02, 0x12, 0xa7, 0x01, 0x0a, 0x14, 0x4c, 0x69, 0x73, 0x74, 0x41, 0x43, 0x48, 0x52, 0x65, 0x6c,
	0x61, 0x74, 0x69, 0x6f, 0x6e, 0x73, 0x68, 0x69, 0x70, 0x73, 0x12, 0x2d, 0x2e, 0x61, 0x6c, 0x70,
	0x61, 0x63, 0x61, 0x2e, 0x62, 0x72, 0x6f, 0x6b, 0x65, 0x72, 0x2e, 0x76, 0x31, 0x2e, 0x4c, 0x69,
	0x73, 0x74, 0x41, 0x43, 0x48, 0x52, 0x65, 0x6c, 0x61, 0x74, 0x69, 0x6f, 0x6e, 0x73, 0x68, 0x69,
	0x70, 0x73, 0x52, 0x65, 0x71, 0x75, 0x65, 0x73, 0x74, 0x1a, 0x2e, 0x2e, 0x61, 0x6c, 0x70, 0x61,
	0x63, 0x61, 0x2e, 0x62, 0x72, 0x6f, 0x6b, 0x65, 0x72, 0x2e, 0x76, 0x31, 0x2e, 0x4c, 0x69, 0x73,
	0x74, 0x41, 0x43, 0x48, 0x52, 0x65, 0x6c, 0x61, 0x74, 0x69, 0x6f, 0x6e, 0x73, 0x68, 0x69, 0x70,
	0x73, 0x52, 0x65, 0x73, 0x70, 0x6f, 0x6e, 0x73, 0x65, 0x22, 0x30, 0x9a, 0xb5, 0x18, 0x2c, 0x0a,
	0x28, 0x2f, 0x61, 0x63, 0x63, 0x6f, 0x75, 0x6e, 0x74, 0x73, 0x2f, 0x7b, 0x61, 0x63, 0x63, 0x6f,
	0x75, 0x6e, 0x74, 0x5f, 0x69, 0x64, 0x7d, 0x2f, 0x61, 0x63, 0x68, 0x5f, 0x72, 0x65, 0x6c, 0x61,
	0x74, 0x69, 0x6f, 0x6e, 0x73, 0x68, 0x69, 0x70, 0x73, 0x10, 0x01, 0x12, 0xc0, 0x01, 0x0a, 0x15,
	0x44, 0x65, 0x6c, 0x65, 0x74, 0x65, 0x41, 0x43, 0x48, 0x52, 0x65, 0x6c, 0x61, 0x74, 0x69, 0x6f,
	0x6e, 0x73, 0x68, 0x69, 0x70, 0x12, 0x2e, 0x2e, 0x61, 0x6c, 0x70, 0x61, 0x63, 0x61, 0x2e, 0x62,
	0x72, 0x6f, 0x6b, 0x65, 0x72, 0x2e, 0x76, 0x31, 0x2e, 0x44, 0x65, 0x6c, 0x65, 0x74, 0x65, 0x41,
	0x43, 0x48, 0x52, 0x65, 0x6c, 0x61, 0x74, 0x69, 0x6f, 0x6e, 0x73, 0x68, 0x69, 0x70, 0x52, 0x65,
	0x71, 0x75, 0x65, 0x73, 0x74, 0x1a, 0x2f, 0x2e, 0x61, 0x6c, 0x70, 0x61, 0x63, 0x61, 0x2e, 0x62,
	0x72, 0x6f, 0x6b, 0x65, 0x72, 0x2e, 0x76, 0x31, 0x2e, 0x44, 0x65, 0x6c, 0x65, 0x74, 0x65, 0x41,
	0x43, 0x48, 0x52, 0x65, 0x6c, 0x61, 0x74, 0x69, 0x6f, 0x6e, 0x73, 0x68, 0x69, 0x70, 0x52, 0x65,
	0x73, 0x70, 0x6f, 0x6e, 0x73, 0x65, 0x22, 0x46, 0x9a, 0xb5, 0x18, 0x42, 0x0a, 0x3e, 0x2f, 0x61,
	0x63, 0x63, 0x6f, 0x75, 0x6e, 0x74, 0x73, 0x2f, 0x7b, 0x61, 0x63, 0x63, 0x6f, 0x75, 0x6e, 0x74,
	0x5f, 0x69, 0x64, 0x7d, 0x2f, 0x61, 0x63, 0x68, 0x5f, 0x72, 0x65, 0x6c, 0x61, 0x74, 0x69, 0x6f,
	0x6e, 0x73, 0x68, 0x69, 0x70, 0x73, 0x2f, 0x7b, 0x61, 0x63, 0x68, 0x5f, 0x72, 0x65, 0x6c, 0x61,
	0x74, 0x69, 0x6f, 0x6e, 0x73, 0x68, 0x69, 0x70, 0x5f, 0x69, 0x64, 0x7d, 0x10, 0x04, 0x12, 0x7f,
	0x0a, 0x0e, 0x43, 0x72, 0x65, 0x61, 0x74, 0x65, 0x54, 0x72, 0x61, 0x6e, 0x73, 0x66, 0x65, 0x72,
	0x12, 0x27, 0x2e, 0x61, 0x6c, 0x70, 0x61, 0x63, 0x61, 0x2e, 0x62, 0x72, 0x6f, 0x6b, 0x65, 0x72,
	0x2e, 0x76, 0x31, 0x2e, 0x43, 0x72, 0x65, 0x61, 0x74, 0x65, 0x54, 0x72, 0x61, 0x6e, 0x73, 0x66,
	0x65, 0x72, 0x52, 0x65, 0x71, 0x75, 0x65, 0x73, 0x74, 0x1a, 0x1a, 0x2e, 0x61, 0x6c, 0x70, 0x61,
	0x63, 0x61, 0x2e, 0x62, 0x72, 0x6f, 0x6b, 0x65, 0x72, 0x2e, 0x76, 0x31, 0x2e, 0x54, 0x72, 0x61,
	0x6e, 0x73, 0x66, 0x65, 0x72, 0x22, 0x28, 0x9a, 0xb5, 0x18, 0x24, 0x0a, 0x20, 0x2f, 0x61, 0x63,
	0x63, 0x6f, 0x75, 0x6e, 0x74, 0x73, 0x2f, 0x7b, 0x61, 0x63, 0x63, 0x6f, 0x75, 0x6e, 0x74, 0x5f,
	0x69, 0x64, 0x7d, 0x2f, 0x74, 0x72, 0x61, 0x6e, 0x73, 0x66, 0x65, 0x72, 0x73, 0x10, 0x02, 0x12,
	0x8a, 0x01, 0x0a, 0x0d, 0x4c, 0x69, 0x73, 0x74, 0x54, 0x72, 0x61, 0x6e, 0x73, 0x66, 0x65, 0x72,
	0x73, 0x12, 0x26, 0x2e, 0x61, 0x6c, 0x70, 0x61, 0x63, 0x61, 0x2e, 0x62, 0x72, 0x6f, 0x6b, 0x65,
	0x72, 0x2e, 0x76, 0x31, 0x2e, 0x4c, 0x69, 0x73, 0x74, 0x54, 0x72, 0x61, 0x6e, 0x73, 0x66, 0x65,
	0x72, 0x73, 0x52, 0x65, 0x71, 0x75, 0x65, 0x73, 0x74, 0x1a, 0x27, 0x2e, 0x61, 0x6c, 0x70, 0x61,
	0x63, 0x61, 0x2e, 0x62, 0x72, 0x6f, 0x6b, 0x65, 0x72, 0x2e, 0x76, 0x31, 0x2e, 0x4c, 0x69, 0x73,
	0x74, 0x54, 0x72, 0x61, 0x6e, 0x73, 0x66, 0x65, 0x72, 0x73, 0x52, 0x65, 0x73, 0x70, 0x6f, 0x6e,
	0x73, 0x65, 0x22, 0x28, 0x9a, 0xb5, 0x18, 0x24, 0x0a, 0x20, 0x2f, 0x61, 0x63, 0x63, 0x6f, 0x75,
	0x6e, 0x74, 0x73, 0x2f, 0x7b, 0x61, 0x63, 0x63, 0x6f, 0x75, 0x6e, 0x74, 0x5f, 0x69, 0x64, 0x7d,
	0x2f, 0x74, 0x72, 0x61, 0x6e, 0x73, 0x66, 0x65, 0x72, 0x73, 0x10, 0x01, 0x12, 0x87, 0x01, 0x0a,
	0x0b, 0x47, 0x65, 0x74, 0x54, 0x72, 0x61, 0x6e, 0x73, 0x66, 0x65, 0x72, 0x12, 0x24, 0x2e, 0x61,
	0x6c, 0x70, 0x61, 0x63, 0x61, 0x2e, 0x62, 0x72, 0x6f, 0x6b, 0x65, 0x72, 0x2e, 0x76, 0x31, 0x2e,
	0x47, 0x65, 0x74, 0x54, 0x72, 0x61, 0x6e, 0x73, 0x66, 0x65, 0x72, 0x52, 0x65, 0x71, 0x75, 0x65,
	0x73, 0x74, 0x1a, 0x1a, 0x2e, 0x61, 0x6c, 0x70, 0x61, 0x63, 0x61, 0x2e, 0x62, 0x72, 0x6f, 0x6b,
	0x65, 0x72, 0x2e, 0x76, 0x31, 0x2e, 0x54, 0x72, 0x61, 0x6e, 0x73, 0x66, 0x65, 0x72, 0x22, 0x36,
	0x9a, 0xb5, 0x18, 0x32, 0x0a, 0x2e, 0x2f, 0x61, 0x63, 0x63, 0x6f, 0x75, 0x6e, 0x74, 0x73, 0x2f,
	0x7b, 0x61, 0x63, 0x63, 0x6f, 0x75, 0x6e, 0x74, 0x5f, 0x69, 0x64, 0x7d, 0x2f, 0x74, 0x72, 0x61,
	0x6e, 0x73, 0x66, 0x65, 0x72, 0x73, 0x2f, 0x7b, 0x74, 0x72, 0x61, 0x6e, 0x73, 0x66, 0x65, 0x72,
	0x5f, 0x69, 0x64, 0x7d, 0x10, 0x01, 0x12, 0x9b, 0x01, 0x0a, 0x0e, 0x43, 0x61, 0x6e, 0x63, 0x65,
	0x6c, 0x54, 0x72, 0x61, 0x6e, 0x73, 0x66, 0x65, 0x72, 0x12, 0x27, 0x2e, 0x61, 0x6c, 0x70, 0x61,
	0x63, 0x61, 0x2e, 0x62, 0x72, 0x6f, 0x6b, 0x65, 0x72, 0x2e, 0x76, 0x31, 0x2e, 0x43, 0x61, 0x6e,
	0x63, 0x65, 0x6c, 0x54, 0x72, 0x61, 0x6e, 0x73, 0x66, 0x65, 0x72, 0x52, 0x65, 0x71, 0x75, 0x65,
	0x73, 0x74, 0x1a, 0x28, 0x2e, 0x61, 0x6c, 0x70, 0x61, 0x63, 0x61, 0x2e, 0x62, 0x72, 0x6f, 0x6b,
	0x65, 0x72, 0x2e, 0x76, 0x31, 0x2e, 0x43, 0x61, 0x6e, 0x63, 0x65, 0x6c, 0x54, 0x72, 0x61, 0x6e,
	0x73, 0x66, 0x65, 0x72, 0x52, 0x65, 0x73, 0x70, 0x6f, 0x6e, 0x73, 0x65, 0x22, 0x36, 0x9a, 0xb5,
	0x18, 0x32, 0x0a, 0x2e, 0x2f, 0x61, 0x63, 0x63, 0x6f, 0x75, 0x6e, 0x74, 0x73, 0x2f, 0x7b, 0x61,
	0x63, 0x63, 0x6f, 0x75, 0x6e, 0x74, 0x5f, 0x69, 0x64, 0x7d, 0x2f, 0x74, 0x72, 0x61, 0x6e, 0x73,
	0x66, 0x65, 0x72, 0x73, 0x2f, 0x7b, 0x74, 0x72, 0x61, 0x6e, 0x73, 0x66, 0x65, 0x72, 0x5f, 0x69,
	0x64, 0x7d, 0x10, 0x04, 0x12, 0x8f, 0x01, 0x0a, 0x12, 0x43, 0x72, 0x65, 0x61, 0x74, 0x65, 0x54,
	0x72, 0x61, 0x64, 0x69, 0x6e, 0x67, 0x4f, 0x72, 0x64, 0x65, 0x72, 0x12, 0x2b, 0x2e, 0x61, 0x6c,
	0x70, 0x61, 0x63, 0x61, 0x2e, 0x62, 0x72, 0x6f, 0x6b, 0x65, 0x72, 0x2e, 0x76, 0x31, 0x2e, 0x43,
	0x72, 0x65, 0x61, 0x74, 0x65, 0x54, 0x72, 0x61, 0x64, 0x69, 0x6e, 0x67, 0x4f, 0x72, 0x64, 0x65,
	0x72, 0x52, 0x65, 0x71, 0x75, 0x65, 0x73, 0x74, 0x1a, 0x1d, 0x2e, 0x61, 0x6c, 0x70, 0x61, 0x63,
	0x61, 0x2e, 0x62, 0x72, 0x6f, 0x6b, 0x65, 0x72, 0x2e, 0x76, 0x31, 0x2e, 0x42, 0x72, 0x6f, 0x6b,
	0x65, 0x72, 0x4f, 0x72, 0x64, 0x65, 0x72, 0x22, 0x2d, 0x9a, 0xb5, 0x18, 0x29, 0x0a, 0x25, 0x2f,
	0x74, 0x72, 0x61, 0x64, 0x69, 0x6e, 0x67, 0x2f, 0x61, 0x63, 0x63, 0x6f, 0x75, 0x6e, 0x74, 0x73,
	0x2f, 0x7b, 0x61, 0x63, 0x63, 0x6f, 0x75, 0x6e, 0x74, 0x5f, 0x69, 0x64, 0x7d, 0x2f, 0x6f, 0x72,
	0x64, 0x65, 0x72, 0x73, 0x10, 0x02, 0x12, 0x9b, 0x01, 0x0a, 0x11, 0x4c, 0x69, 0x73, 0x74, 0x54,
	0x72, 0x61, 0x64, 0x69, 0x6e, 0x67, 0x4f, 0x72, 0x64, 0x65, 0x72, 0x73, 0x12, 0x2a, 0x2e, 0x61,
	0x6c, 0x70, 0x61, 0x63, 0x61, 0x2e, 0x62, 0x72, 0x6f, 0x6b, 0x65, 0x72, 0x2e, 0x76, 0x31, 0x2e,
	0x4c, 0x69, 0x73, 0x74, 0x54, 0x72, 0x61, 0x64, 0x69, 0x6e, 0x67, 0x4f, 0x72, 0x64, 0x65, 0x72,
	0x73, 0x52, 0x65, 0x71, 0x75, 0x65, 0x73, 0x74, 0x1a, 0x2b, 0x2e, 0x61, 0x6c, 0x70, 0x61, 0x63,
	0x61, 0x2e, 0x62, 0x72, 0x6f, 0x6b, 0x65, 0x72, 0x2e, 0x76, 0x31, 0x2e, 0x4c, 0x69, 0x73, 0x74,
	0x54, 0x72, 0x61, 0x64, 0x69, 0x6e, 0x67, 0x4f, 0x72, 0x64, 0x65, 0x72, 0x73, 0x52, 0x65, 0x73,
	0x70, 0x6f, 0x6e, 0x73, 0x65, 0x22, 0x2d, 0x9a, 0xb5, 0x18, 0x29, 0x0a, 0x25, 0x2f, 0x74, 0x72,
	0x61, 0x64, 0x69, 0x6e, 0x67, 0x2f, 0x61, 0x63, 0x63, 0x6f, 0x75, 0x6e, 0x74, 0x73, 0x2f, 0x7b,
	0x61, 0x63, 0x63, 0x6f, 0x75, 0x6e, 0x74, 0x5f, 0x69, 0x64, 0x7d, 0x2f, 0x6f, 0x72, 0x64, 0x65,
	0x72, 0x73, 0x10, 0x01, 0x12, 0x94, 0x01, 0x0a, 0x0f, 0x47, 0x65, 0x74, 0x54, 0x72, 0x61, 0x64,
	0x69, 0x6e, 0x67, 0x4f, 0x72, 0x64, 0x65, 0x72, 0x12, 0x28, 0x2e, 0x61, 0x6c, 0x70, 0x61, 0x63,
	0x61, 0x2e, 0x62, 0x72, 0x6f, 0x6b, 0x65, 0x72, 0x2e, 0x76, 0x31, 0x2e, 0x47, 0x65, 0x74, 0x54,
	0x72, 0x61, 0x64, 0x69, 0x6e, 0x67, 0x4f, 0x72, 0x64, 0x65, 0x72, 0x52, 0x65, 0x71, 0x75, 0x65,
	0x73, 0x74, 0x1a, 0x1d, 0x2e, 0x61, 0x6c, 0x70, 0x61, 0x63, 0x61, 0x2e, 0x62, 0x72, 0x6f, 0x6b,
	0x65, 0x72, 0x2e, 0x76, 0x31, 0x2e, 0x42, 0x72, 0x6f, 0x6b, 0x65, 0x72, 0x4f, 0x72, 0x64, 0x65,
	0x72, 0x22, 0x38, 0x9a, 0xb5, 0x18, 0x34, 0x0a, 0x30, 0x2f, 0x74, 0x72, 0x61, 0x64, 0x69, 0x6e,
	0x67, 0x2f, 0x61, 0x63, 0x63, 0x6f, 0x75, 0x6e, 0x74, 0x73, 0x2f, 0x7b, 0x61, 0x63, 0x63, 0x6f,
	0x75, 0x6e, 0x74, 0x5f, 0x69, 0x64, 0x7d, 0x2f, 0x6f, 0x72, 0x64, 0x65, 0x72, 0x73, 0x2f, 0x7b,
	0x6f, 0x72, 0x64, 0x65, 0x72, 0x5f, 0x69, 0x64, 0x7d, 0x10, 0x01, 0x12, 0xa9, 0x01, 0x0a, 0x12,
	0x43, 0x61, 0x6e, 0x63, 0x65, 0x6c, 0x54, 0x72, 0x61, 0x64, 0x69, 0x6e, 0x67, 0x4f, 0x72, 0x64,
	0x65, 0x72, 0x12, 0x2b, 0x2e, 0x61, 0x6c, 0x70, 0x61, 0x63, 0x61, 0x2e, 0x62, 0x72, 0x6f, 0x6b,
	0x65, 0x72, 0x2e, 0x76, 0x31, 0x2e, 0x43, 0x61, 0x6e, 0x63, 0x65, 0x6c, 0x54, 0x72, 0x61, 0x64,
	0x69, 0x6e, 0x67, 0x4f, 0x72, 0x64, 0x65, 0x72, 0x52, 0x65, 0x71, 0x75, 0x65, 0x73, 0x74, 0x1a,
	0x2c, 0x2e, 0x61, 0x6c, 0x70, 0x61, 0x63, 0x61, 0x2e, 0x62, 0x72, 0x6f, 0x6b, 0x65, 0x72, 0x2e,
	0x76, 0x31, 0x2e, 0x43, 0x61, 0x6e, 0x63, 0x65, 0x6c, 0x54, 0x72, 0x61, 0x64, 0x69, 0x6e, 0x67,
	0x4f, 0x72, 0x64, 0x65, 0x72, 0x52, 0x65, 0x73, 0x70, 0x6f, 0x6e, 0x73, 0x65, 0x22, 0x38, 0x9a,
	0xb5, 0x18, 0x34, 0x0a, 0x30, 0x2f, 0x74, 0x72, 0x61, 0x64, 0x69, 0x6e, 0x67, 0x2f, 0x61, 0x63,
	0x63, 0x6f, 0x75, 0x6e, 0x74, 0x73, 0x2f, 0x7b, 0x61, 0x63, 0x63, 0x6f, 0x75, 0x6e, 0x74, 0x5f,
	0x69, 0x64, 0x7d, 0x2f, 0x6f, 0x72, 0x64, 0x65, 0x72, 0x73, 0x2f, 0x7b, 0x6f, 0x72, 0x64, 0x65,
	0x72, 0x5f, 0x69, 0x64, 0x7d, 0x10, 0x04, 0x12, 0xa7, 0x01, 0x0a, 0x14, 0x4c, 0x69, 0x73, 0x74,
	0x54, 0x72, 0x61, 0x64, 0x69, 0x6e, 0x67, 0x50, 0x6f, 0x73, 0x69, 0x74, 0x69, 0x6f, 0x6e, 0x73,
	0x12, 0x2d, 0x2e, 0x61, 0x6c, 0x70, 0x61, 0x63, 0x61, 0x2e, 0x62, 0x72, 0x6f, 0x6b, 0x65, 0x72,
	0x2e, 0x76, 0x31, 0x2e, 0x4c, 0x69, 0x73, 0x74, 0x54, 0x72, 0x61, 0x64, 0x69, 0x6e, 0x67, 0x50,
	0x6f, 0x73, 0x69, 0x74, 0x69, 0x6f, 0x6e, 0x73, 0x52, 0x65, 0x71, 0x75, 0x65, 0x73, 0x74, 0x1a,
	0x2e, 0x2e, 0x61, 0x6c, 0x70, 0x61, 0x63, 0x61, 0x2e, 0x62, 0x72, 0x6f, 0x6b, 0x65, 0x72, 0x2e,
	0x76, 0x31, 0x2e, 0x4c, 0x69, 0x73, 0x74, 0x54, 0x72, 0x61, 0x64, 0x69, 0x6e, 0x67, 0x50, 0x6f,
	0x73, 0x69, 0x74, 0x69, 0x6f, 0x6e, 0x73, 0x52, 0x65, 0x73, 0x70, 0x6f, 0x6e, 0x73, 0x65, 0x22,
	0x30, 0x9a, 0xb5, 0x18, 0x2c, 0x0a, 0x28, 0x2f, 0x74, 0x72, 0x61, 0x64, 0x69, 0x6e, 0x67, 0x2f,
	0x61, 0x63, 0x63, 0x6f, 0x75, 0x6e, 0x74, 0x73, 0x2f, 0x7b, 0x61, 0x63, 0x63, 0x6f, 0x75, 0x6e,
	0x74, 0x5f, 0x69, 0x64, 0x7d, 0x2f, 0x70, 0x6f, 0x73, 0x69, 0x74, 0x69, 0x6f, 0x6e, 0x73, 0x10,
	0x01, 0x12, 0x9e, 0x01, 0x0a, 0x12, 0x47, 0x65, 0x74, 0x54, 0x72, 0x61, 0x64, 0x69, 0x6e, 0x67,
	0x50, 0x6f, 0x73, 0x69, 0x74, 0x69, 0x6f, 0x6e, 0x12, 0x2b, 0x2e, 0x61, 0x6c, 0x70, 0x61, 0x63,
	0x61, 0x2e, 0x62, 0x72, 0x6f, 0x6b, 0x65, 0x72, 0x2e, 0x76, 0x31, 0x2e, 0x47, 0x65, 0x74, 0x54,
	0x72, 0x61, 0x64, 0x69, 0x6e, 0x67, 0x50, 0x6f, 0x73, 0x69, 0x74, 0x69, 0x6f, 0x6e, 0x52, 0x65,
	0x71, 0x75, 0x65, 0x73, 0x74, 0x1a, 0x20, 0x2e, 0x61, 0x6c, 0x70, 0x61, 0x63, 0x61, 0x2e, 0x62,
	0x72, 0x6f, 0x6b, 0x65, 0x72, 0x2e, 0x76, 0x31, 0x2e, 0x42, 0x72, 0x6f, 0x6b, 0x65, 0x72, 0x50,
	0x6f, 0x73, 0x69, 0x74, 0x69, 0x6f, 0x6e, 0x22, 0x39, 0x9a, 0xb5, 0x18, 0x35, 0x0a, 0x31, 0x2f,
	0x74, 0x72, 0x61, 0x64, 0x69, 0x6e, 0x67, 0x2f, 0x61, 0x63, 0x63, 0x6f, 0x75, 0x6e, 0x74, 0x73,
	0x2f, 0x7b, 0x61, 0x63, 0x63, 0x6f, 0x75, 0x6e, 0x74, 0x5f, 0x69, 0x64, 0x7d, 0x2f, 0x70, 0x6f,
	0x73, 0x69, 0x74, 0x69, 0x6f, 0x6e, 0x73, 0x2f, 0x7b, 0x73, 0x79, 0x6d, 0x62, 0x6f, 0x6c, 0x7d,
	0x10, 0x01, 0x12, 0x9f, 0x01, 0x0a, 0x14, 0x43, 0x6c, 0x6f, 0x73, 0x65, 0x54, 0x72, 0x61, 0x64,
	0x69, 0x6e, 0x67, 0x50, 0x6f, 0x73, 0x69, 0x74, 0x69, 0x6f, 0x6e, 0x12, 0x2d, 0x2e, 0x61, 0x6c,
	0x70, 0x61, 0x63, 0x61, 0x2e, 0x62, 0x72, 0x6f, 0x6b, 0x65, 0x72, 0x2e, 0x76, 0x31, 0x2e, 0x43,
	0x6c, 0x6f, 0x73, 0x65, 0x54, 0x72, 0x61, 0x64, 0x69, 0x6e, 0x67, 0x50, 0x6f, 0x73, 0x69, 0x74,
	0x69, 0x6f, 0x6e, 0x52, 0x65, 0x71, 0x75, 0x65, 0x73, 0x74, 0x1a, 0x1d, 0x2e, 0x61, 0x6c, 0x70,
	0x61, 0x63, 0x61, 0x2e, 0x62, 0x72, 0x6f, 0x6b, 0x65, 0x72, 0x2e, 0x76, 0x31, 0x2e, 0x42, 0x72,
	0x6f, 0x6b, 0x65, 0x72, 0x4f, 0x72, 0x64, 0x65, 0x72, 0x22, 0x39, 0x9a, 0xb5, 0x18, 0x35, 0x0a,
	0x31, 0x2f, 0x74, 0x72, 0x61, 0x64, 0x69, 0x6e, 0x67, 0x2f, 0x61, 0x63, 0x63, 0x6f, 0x75, 0x6e,
	0x74, 0x73, 0x2f, 0x7b, 0x61, 0x63, 0x63, 0x6f, 0x75, 0x6e, 0x74, 0x5f, 0x69, 0x64, 0x7d, 0x2f,
	0x70, 0x6f, 0x73, 0x69, 0x74, 0x69, 0x6f, 0x6e, 0x73, 0x2f, 0x7b, 0x73, 0x79, 0x6d, 0x62, 0x6f,
	0x6c, 0x7d, 0x10, 0x04, 0x12, 0xb3, 0x01, 0x0a, 0x18, 0x43, 0x6c, 0x6f, 0x73, 0x65, 0x41, 0x6c,
	0x6c, 0x54, 0x72, 0x61, 0x64, 0x69, 0x6e, 0x67, 0x50, 0x6f, 0x73, 0x69, 0x74, 0x69, 0x6f, 0x6e,
	0x73, 0x12, 0x31, 0x2e, 0x61, 0x6c, 0x70, 0x61, 0x63, 0x61, 0x2e, 0x62, 0x72, 0x6f, 0x6b, 0x65,
	0x72, 0x2e, 0x76, 0x31, 0x2e, 0x43, 0x6c, 0x6f, 0x73, 0x65, 0x41, 0x6c, 0x6c, 0x54, 0x72, 0x61,
	0x64, 0x69, 0x6e, 0x67, 0x50, 0x6f, 0x73, 0x69, 0x74, 0x69, 0x6f, 0x6e, 0x73, 0x52, 0x65, 0x71,
	0x75, 0x65, 0x73, 0x74, 0x1a, 0x32, 0x2e, 0x61, 0x6c, 0x70, 0x61, 0x63, 0x61, 0x2e, 0x62, 0x72,
	0x6f, 0x6b, 0x65, 0x72, 0x2e, 0x76, 0x31, 0x2e, 0x43, 0x6c, 0x6f, 0x73, 0x65, 0x41, 0x6c, 0x6c,
	0x54, 0x72, 0x61, 0x64, 0x69, 0x6e, 0x67, 0x50, 0x6f, 0x73, 0x69, 0x74, 0x69, 0x6f, 0x6e, 0x73,
	0x52, 0x65, 0x73, 0x70, 0x6f, 0x6e, 0x73, 0x65, 0x22, 0x30, 0x9a, 0xb5, 0x18, 0x2c, 0x0a, 0x28,
	0x2f, 0x74, 0x72, 0x61, 0x64, 0x69, 0x6e, 0x67, 0x2f, 0x61, 0x63, 0x63, 0x6f, 0x75, 0x6e, 0x74,
	0x73, 0x2f, 0x7b, 0x61, 0x63, 0x63, 0x6f, 0x75, 0x6e, 0x74, 0x5f, 0x69, 0x64, 0x7d, 0x2f, 0x70,
	0x6f, 0x73, 0x69, 0x74, 0x69, 0x6f, 0x6e, 0x73, 0x10, 0x04, 0x12, 0x9f, 0x01, 0x0a, 0x14, 0x4c,
	0x69, 0x73, 0x74, 0x41, 0x63, 0x63, 0x6f, 0x75, 0x6e, 0x74, 0x44, 0x6f, 0x63, 0x75, 0x6d, 0x65,
	0x6e, 0x74, 0x73, 0x12, 0x2d, 0x2e, 0x61, 0x6c, 0x70, 0x61, 0x63, 0x61, 0x2e, 0x62, 0x72, 0x6f,
	0x6b, 0x65, 0x72, 0x2e, 0x76, 0x31, 0x2e, 0x4c, 0x69, 0x73, 0x74, 0x41, 0x63, 0x63, 0x6f, 0x75,
	0x6e, 0x74, 0x44, 0x6f, 0x63, 0x75, 0x6d, 0x65, 0x6e, 0x74, 0x73, 0x52, 0x65, 0x71, 0x75, 0x65,
	0x73, 0x74, 0x1a, 0x2e, 0x2e, 0x61, 0x6c, 0x70, 0x61, 0x63, 0x61, 0x2e, 0x62, 0x72, 0x6f, 0x6b,
	0x65, 0x72, 0x2e, 0x76, 0x31, 0x2e, 0x4c, 0x69, 0x73, 0x74, 0x41, 0x63, 0x63, 0x6f, 0x75, 0x6e,
	0x74, 0x44, 0x6f, 0x63, 0x75, 0x6d, 0x65, 0x6e, 0x74, 0x73, 0x52, 0x65, 0x73, 0x70, 0x6f, 0x6e,
	0x73, 0x65, 0x22, 0x28, 0x9a, 0xb5, 0x18, 0x24, 0x0a, 0x20, 0x2f, 0x61, 0x63, 0x63, 0x6f, 0x75,
	0x6e, 0x74, 0x73, 0x2f, 0x7b, 0x61, 0x63, 0x63, 0x6f, 0x75, 0x6e, 0x74, 0x5f, 0x69, 0x64, 0x7d,
	0x2f, 0x64, 0x6f, 0x63, 0x75, 0x6d, 0x65, 0x6e, 0x74, 0x73, 0x10, 0x01, 0x12, 0xbf, 0x01, 0x0a,
	0x17, 0x44, 0x6f, 0x77, 0x6e, 0x6c, 0x6f, 0x61, 0x64, 0x41, 0x63, 0x63, 0x6f, 0x75, 0x6e, 0x74,
	0x44, 0x6f, 0x63, 0x75, 0x6d, 0x65, 0x6e, 0x74, 0x12, 0x30, 0x2e, 0x61, 0x6c, 0x70, 0x61, 0x63,
	0x61, 0x2e, 0x62, 0x72, 0x6f, 0x6b, 0x65, 0x72, 0x2e, 0x76, 0x31, 0x2e, 0x44, 0x6f, 0x77, 0x6e,
	0x6c, 0x6f, 0x61, 0x64, 0x41, 0x63, 0x63, 0x6f, 0x75, 0x6e, 0x74, 0x44, 0x6f, 0x63, 0x75, 0x6d,
	0x65, 0x6e, 0x74, 0x52, 0x65, 0x71, 0x75, 0x65, 0x73, 0x74, 0x1a, 0x31, 0x2e, 0x61, 0x6c, 0x70,
	0x61, 0x63, 0x61, 0x2e, 0x62, 0x72, 0x6f, 0x6b, 0x65, 0x72, 0x2e, 0x76, 0x31, 0x2e, 0x44, 0x6f,
	0x77, 0x6e, 0x6c, 0x6f, 0x61, 0x64, 0x41, 0x63, 0x63, 0x6f, 0x75, 0x6e, 0x74, 0x44, 0x6f, 0x63,
	0x75, 0x6d, 0x65, 0x6e, 0x74, 0x52, 0x65, 0x73, 0x70, 0x6f, 0x6e, 0x73, 0x65, 0x22, 0x3f, 0x9a,
	0xb5, 0x18, 0x3b, 0x0a, 0x37, 0x2f, 0x61, 0x63, 0x63, 0x6f, 0x75, 0x6e, 0x74, 0x73, 0x2f, 0x7b,
	0x61, 0x63, 0x63, 0x6f, 0x75, 0x6e, 0x74, 0x5f, 0x69, 0x64, 0x7d, 0x2f, 0x64, 0x6f, 0x63, 0x75,
	0x6d, 0x65, 0x6e, 0x74, 0x73, 0x2f, 0x7b, 0x64, 0x6f, 0x63, 0x75, 0x6d, 0x65, 0x6e, 0x74, 0x5f,
	0x69, 0x64, 0x7d, 0x2f, 0x64, 0x6f, 0x77, 0x6e, 0x6c, 0x6f, 0x61, 0x64, 0x10, 0x01, 0x12, 0xc1,
	0x01, 0x0a, 0x15, 0x44, 0x6f, 0x77, 0x6e, 0x6c, 0x6f, 0x61, 0x64, 0x57, 0x38, 0x42, 0x65, 0x6e,
	0x44, 0x6f, 0x63, 0x75, 0x6d, 0x65, 0x6e, 0x74, 0x12, 0x2e, 0x2e, 0x61, 0x6c, 0x70, 0x61, 0x63,
	0x61, 0x2e, 0x62, 0x72, 0x6f, 0x6b, 0x65, 0x72, 0x2e, 0x76, 0x31, 0x2e, 0x44, 0x6f, 0x77, 0x6e,
	0x6c, 0x6f, 0x61, 0x64, 0x57, 0x38, 0x42, 0x65, 0x6e, 0x44, 0x6f, 0x63, 0x75, 0x6d, 0x65, 0x6e,
	0x74, 0x52, 0x65, 0x71, 0x75, 0x65, 0x73, 0x74, 0x1a, 0x31, 0x2e, 0x61, 0x6c, 0x70, 0x61, 0x63,
	0x61, 0x2e, 0x62, 0x72, 0x6f, 0x6b, 0x65, 0x72, 0x2e, 0x76, 0x31, 0x2e, 0x44, 0x6f, 0x77, 0x6e,
	0x6c, 0x6f, 0x61, 0x64, 0x41, 0x63, 0x63, 0x6f, 0x75, 0x6e, 0x74, 0x44, 0x6f, 0x63, 0x75, 0x6d,
	0x65, 0x6e, 0x74, 0x52, 0x65, 0x73, 0x70, 0x6f, 0x6e, 0x73, 0x65, 0x22, 0x45, 0x9a, 0xb5, 0x18,
	0x41, 0x0a, 0x3d, 0x2f, 0x61, 0x63, 0x63, 0x6f, 0x75, 0x6e, 0x74, 0x73, 0x2f, 0x7b, 0x61, 0x63,
	0x63, 0x6f, 0x75, 0x6e, 0x74, 0x5f, 0x69, 0x64, 0x7d, 0x2f, 0x64, 0x6f, 0x63, 0x75, 0x6d, 0x65,
	0x6e, 0x74, 0x73, 0x2f, 0x77, 0x38, 0x62, 0x65, 0x6e, 0x2f, 0x7b, 0x64, 0x6f, 0x63, 0x75, 0x6d,
	0x65, 0x6e, 0x74, 0x5f, 0x69, 0x64, 0x7d, 0x2f, 0x64, 0x6f, 0x77, 0x6e, 0x6c, 0x6f, 0x61, 0x64,
	0x10, 0x01, 0x12, 0xa8, 0x01, 0x0a, 0x14, 0x4c, 0x69, 0x73, 0x74, 0x42, 0x72, 0x6f, 0x6b, 0x65,
	0x72, 0x57, 0x61, 0x74, 0x63, 0x68, 0x6c, 0x69, 0x73, 0x74, 0x73, 0x12, 0x2d, 0x2e, 0x61, 0x6c,
	0x70, 0x61, 0x63, 0x61, 0x2e, 0x62, 0x72, 0x6f, 0x6b, 0x65, 0x72, 0x2e, 0x76, 0x31, 0x2e, 0x4c,
	0x69, 0x73, 0x74, 0x42, 0x72, 0x6f, 0x6b, 0x65, 0x72, 0x57, 0x61, 0x74, 0x63, 0x68, 0x6c, 0x69,
	0x73, 0x74, 0x73, 0x52, 0x65, 0x71, 0x75, 0x65, 0x73, 0x74, 0x1a, 0x2e, 0x2e, 0x61, 0x6c, 0x70,
	0x61, 0x63, 0x61, 0x2e, 0x62, 0x72, 0x6f, 0x6b, 0x65, 0x72, 0x2e, 0x76, 0x31, 0x2e, 0x4c, 0x69,
	0x73, 0x74, 0x42, 0x72, 0x6f, 0x6b, 0x65, 0x72, 0x57, 0x61, 0x74, 0x63, 0x68, 0x6c, 0x69, 0x73,
	0x74, 0x73, 0x52, 0x65, 0x73, 0x70, 0x6f, 0x6e, 0x73, 0x65, 0x22, 0x31, 0x9a, 0xb5, 0x18, 0x2d,
	0x0a, 0x29, 0x2f, 0x74, 0x72, 0x61, 0x64, 0x69, 0x6e, 0x67, 0x2f, 0x61, 0x63, 0x63, 0x6f, 0x75,
	0x6e, 0x74, 0x73, 0x2f, 0x7b, 0x61, 0x63, 0x63, 0x6f, 0x75, 0x6e, 0x74, 0x5f, 0x69, 0x64, 0x7d,
	0x2f, 0x77, 0x61, 0x74, 0x63, 0x68, 0x6c, 0x69, 0x73, 0x74, 0x73, 0x10, 0x01, 0x12, 0x9d, 0x01,
	0x0a, 0x15, 0x43, 0x72, 0x65, 0x61, 0x74, 0x65, 0x42, 0x72, 0x6f, 0x6b, 0x65, 0x72, 0x57, 0x61,
	0x74, 0x63, 0x68, 0x6c, 0x69, 0x73, 0x74, 0x12, 0x2e, 0x2e, 0x61, 0x6c, 0x70, 0x61, 0x63, 0x61,
	0x2e, 0x62, 0x72, 0x6f, 0x6b, 0x65, 0x72, 0x2e, 0x76, 0x31, 0x2e, 0x43, 0x72, 0x65, 0x61, 0x74,
	0x65, 0x42, 0x72, 0x6f, 0x6b, 0x65, 0x72, 0x57, 0x61, 0x74, 0x63, 0x68, 0x6c, 0x69, 0x73, 0x74,
	0x52, 0x65, 0x71, 0x75, 0x65, 0x73, 0x74, 0x1a, 0x21, 0x2e, 0x61, 0x6c, 0x70, 0x61, 0x63, 0x61,
	0x2e, 0x62, 0x72, 0x6f, 0x6b, 0x65, 0x72, 0x2e, 0x76, 0x31, 0x2e, 0x42, 0x72, 0x6f, 0x6b, 0x65,
	0x72, 0x57, 0x61, 0x74, 0x63, 0x68, 0x6c, 0x69, 0x73, 0x74, 0x22, 0x31, 0x9a, 0xb5, 0x18, 0x2d,
	0x0a, 0x29, 0x2f, 0x74, 0x72, 0x61, 0x64, 0x69, 0x6e, 0x67, 0x2f, 0x61, 0x63, 0x63, 0x6f, 0x75,
	0x6e, 0x74, 0x73, 0x2f, 0x7b, 0x61, 0x63, 0x63, 0x6f, 0x75, 0x6e, 0x74, 0x5f, 0x69, 0x64, 0x7d,
	0x2f, 0x77, 0x61, 0x74, 0x63, 0x68, 0x6c, 0x69, 0x73, 0x74, 0x73, 0x10, 0x02, 0x12, 0xa6, 0x01,
	0x0a, 0x12, 0x47, 0x65, 0x74, 0x42, 0x72, 0x6f, 0x6b, 0x65, 0x72, 0x57, 0x61, 0x74, 0x63, 0x68,
	0x6c, 0x69, 0x73, 0x74, 0x12, 0x2b, 0x2e, 0x61, 0x6c, 0x70, 0x61, 0x63, 0x61, 0x2e, 0x62, 0x72,
	0x6f, 0x6b, 0x65, 0x72, 0x2e, 0x76, 0x31, 0x2e, 0x47, 0x65, 0x74, 0x42, 0x72, 0x6f, 0x6b, 0x65,
	0x72, 0x57, 0x61, 0x74, 0x63, 0x68, 0x6c, 0x69, 0x73, 0x74, 0x52, 0x65, 0x71, 0x75, 0x65, 0x73,
	0x74, 0x1a, 0x21, 0x2e, 0x61, 0x6c, 0x70, 0x61, 0x63, 0x61, 0x2e, 0x62, 0x72, 0x6f, 0x6b, 0x65,
	0x72, 0x2e, 0x76, 0x31, 0x2e, 0x42, 0x72, 0x6f, 0x6b, 0x65, 0x72, 0x57, 0x61, 0x74, 0x63, 0x68,
	0x6c, 0x69, 0x73, 0x74, 0x22, 0x40, 0x9a, 0xb5, 0x18, 0x3c, 0x0a, 0x38, 0x2f, 0x74, 0x72, 0x61,
	0x64, 0x69, 0x6e, 0x67, 0x2f, 0x61, 0x63, 0x63, 0x6f, 0x75, 0x6e, 0x74, 0x73, 0x2f, 0x7b, 0x61,
	0x63, 0x63, 0x6f, 0x75, 0x6e, 0x74, 0x5f, 0x69, 0x64, 0x7d, 0x2f, 0x77, 0x61, 0x74, 0x63, 0x68,
	0x6c, 0x69, 0x73, 0x74, 0x73, 0x2f, 0x7b, 0x77, 0x61, 0x74, 0x63, 0x68, 0x6c, 0x69, 0x73, 0x74,
	0x5f, 0x69, 0x64, 0x7d, 0x10, 0x01, 0x12, 0xac, 0x01, 0x0a, 0x15, 0x55, 0x70, 0x64, 0x61, 0x74,
	0x65, 0x42, 0x72, 0x6f, 0x6b, 0x65, 0x72, 0x57, 0x61, 0x74, 0x63, 0x68, 0x6c, 0x69, 0x73, 0x74,
	0x12, 0x2e, 0x2e, 0x61, 0x6c, 0x70, 0x61, 0x63, 0x61, 0x2e, 0x62, 0x72, 0x6f, 0x6b, 0x65, 0x72,
	0x2e, 0x76, 0x31, 0x2e, 0x55, 0x70, 0x64, 0x61, 0x74, 0x65, 0x42, 0x72, 0x6f, 0x6b, 0x65, 0x72,
	0x57, 0x61, 0x74, 0x63, 0x68, 0x6c, 0x69, 0x73, 0x74, 0x52, 0x65, 0x71, 0x75, 0x65, 0x73, 0x74,
	0x1a, 0x21, 0x2e, 0x61, 0x6c, 0x70, 0x61, 0x63, 0x61, 0x2e, 0x62, 0x72, 0x6f, 0x6b, 0x65, 0x72,
	0x2e, 0x76, 0x31, 0x2e, 0x42, 0x72, 0x6f, 0x6b, 0x65, 0x72, 0x57, 0x61, 0x74, 0x63, 0x68, 0x6c,
	0x69, 0x73, 0x74, 0x22, 0x40, 0x9a, 0xb5, 0x18, 0x3c, 0x0a, 0x38, 0x2f, 0x74, 0x72, 0x61, 0x64,
	0x69, 0x6e, 0x67, 0x2f, 0x61, 0x63, 0x63, 0x6f, 0x75, 0x6e, 0x74, 0x73, 0x2f, 0x7b, 0x61, 0x63,
	0x63, 0x6f, 0x75, 0x6e, 0x74, 0x5f, 0x69, 0x64, 0x7d, 0x2f, 0x77, 0x61, 0x74, 0x63, 0x68, 0x6c,
	0x69, 0x73, 0x74, 0x73, 0x2f, 0x7b, 0x77, 0x61, 0x74, 0x63, 0x68, 0x6c, 0x69, 0x73, 0x74, 0x5f,
	0x69, 0x64, 0x7d, 0x10, 0x03, 0x12, 0xba, 0x01, 0x0a, 0x15, 0x44, 0x65, 0x6c, 0x65, 0x74, 0x65,
	0x42, 0x72, 0x6f, 0x6b, 0x65, 0x72, 0x57, 0x61, 0x74, 0x63, 0x68, 0x6c, 0x69, 0x73, 0x74, 0x12,
	0x2e, 0x2e, 0x61, 0x6c, 0x70, 0x61, 0x63, 0x61, 0x2e, 0x62, 0x72, 0x6f, 0x6b, 0x65, 0x72, 0x2e,
	0x76, 0x31, 0x2e, 0x44, 0x65, 0x6c, 0x65, 0x74, 0x65, 0x42, 0x72, 0x6f, 0x6b, 0x65, 0x72, 0x57,
	0x61, 0x74, 0x63, 0x68, 0x6c, 0x69, 0x73, 0x74, 0x52, 0x65, 0x71, 0x75, 0x65, 0x73, 0x74, 0x1a,
	0x2f, 0x2e, 0x61, 0x6c, 0x70, 0x61, 0x63, 0x61, 0x2e, 0x62, 0x72, 0x6f, 0x6b, 0x65, 0x72, 0x2e,
	0x76, 0x31, 0x2e, 0x44, 0x65, 0x6c, 0x65, 0x74, 0x65, 0x42, 0x72, 0x6f, 0x6b, 0x65, 0x72, 0x57,
	0x61, 0x74, 0x63, 0x68, 0x6c, 0x69, 0x73, 0x74, 0x52, 0x65, 0x73, 0x70, 0x6f, 0x6e, 0x73, 0x65,
	0x22, 0x40, 0x9a, 0xb5, 0x18, 0x3c, 0x0a, 0x38, 0x2f, 0x74, 0x72, 0x61, 0x64, 0x69, 0x6e, 0x67,
	0x2f, 0x61, 0x63, 0x63, 0x6f, 0x75, 0x6e, 0x74, 0x73, 0x2f, 0x7b, 0x61, 0x63, 0x63, 0x6f, 0x75,
	0x6e, 0x74, 0x5f, 0x69, 0x64, 0x7d, 0x2f, 0x77, 0x61, 0x74, 0x63, 0x68, 0x6c, 0x69, 0x73, 0x74,
	0x73, 0x2f, 0x7b, 0x77, 0x61, 0x74, 0x63, 0x68, 0x6c, 0x69, 0x73, 0x74, 0x5f, 0x69, 0x64, 0x7d,
	0x10, 0x04, 0x12, 0xb0, 0x01, 0x0a, 0x17, 0x41, 0x64, 0x64, 0x42, 0x72, 0x6f, 0x6b, 0x65, 0x72,
	0x57, 0x61, 0x74, 0x63, 0x68, 0x6c, 0x69, 0x73, 0x74, 0x41, 0x73, 0x73, 0x65, 0x74, 0x12, 0x30,
	0x2e, 0x61, 0x6c, 0x70, 0x61, 0x63, 0x61, 0x2e, 0x62, 0x72, 0x6f, 0x6b, 0x65, 0x72, 0x2e, 0x76,
	0x31, 0x2e, 0x41, 0x64, 0x64, 0x42, 0x72, 0x6f, 0x6b, 0x65, 0x72, 0x57, 0x61, 0x74, 0x63, 0x68,
	0x6c, 0x69, 0x73, 0x74, 0x41, 0x73, 0x73, 0x65, 0x74, 0x52, 0x65, 0x71, 0x75, 0x65, 0x73, 0x74,
	0x1a, 0x21, 0x2e, 0x61, 0x6c, 0x70, 0x61, 0x63, 0x61, 0x2e, 0x62, 0x72, 0x6f, 0x6b, 0x65, 0x72,
	0x2e, 0x76, 0x31, 0x2e, 0x42, 0x72, 0x6f, 0x6b, 0x65, 0x72, 0x57, 0x61, 0x74, 0x63, 0x68, 0x6c,
	0x69, 0x73, 0x74, 0x22, 0x40, 0x9a, 0xb5, 0x18, 0x3c, 0x0a, 0x38, 0x2f, 0x74, 0x72, 0x61, 0x64,
	0x69, 0x6e, 0x67, 0x2f, 0x61, 0x63, 0x63, 0x6f, 0x75, 0x6e, 0x74, 0x73, 0x2f, 0x7b, 0x61, 0x63,
	0x63, 0x6f, 0x75, 0x6e, 0x74, 0x5f, 0x69, 0x64, 0x7d, 0x2f, 0x77, 0x61, 0x74, 0x63, 0x68, 0x6c,
	0x69, 0x73, 0x74, 0x73, 0x2f, 0x7b, 0x77, 0x61, 0x74, 0x63, 0x68, 0x6c, 0x69, 0x73, 0x74, 0x5f,
	0x69, 0x64, 0x7d, 0x10, 0x02, 0x12, 0xd2, 0x01, 0x0a, 0x1a, 0x52, 0x65, 0x6d, 0x6f, 0x76, 0x65,
	0x42, 0x72, 0x6f, 0x6b, 0x65, 0x72, 0x57, 0x61, 0x74, 0x63, 0x68, 0x6c, 0x69, 0x73, 0x74, 0x41,
	0x73, 0x73, 0x65, 0x74, 0x12, 0x33, 0x2e, 0x61, 0x6c, 0x70, 0x61, 0x63, 0x61, 0x2e, 0x62, 0x72,
	0x6f, 0x6b, 0x65, 0x72, 0x2e, 0x76, 0x31, 0x2e, 0x52, 0x65, 0x6d, 0x6f, 0x76, 0x65, 0x42, 0x72,
	0x6f, 0x6b, 0x65, 0x72, 0x57, 0x61, 0x74, 0x63, 0x68, 0x6c, 0x69, 0x73, 0x74, 0x41, 0x73, 0x73,
	0x65, 0x74, 0x52, 0x65, 0x71, 0x75, 0x65, 0x73, 0x74, 0x1a, 0x34, 0x2e, 0x61, 0x6c, 0x70, 0x61,
	0x63, 0x61, 0x2e, 0x62, 0x72, 0x6f, 0x6b, 0x65, 0x72, 0x2e, 0x76, 0x31, 0x2e, 0x52, 0x65, 0x6d,
	0x6f, 0x76, 0x65, 0x42, 0x72, 0x6f, 0x6b, 0x65, 0x72, 0x57, 0x61, 0x74, 0x63, 0x68, 0x6c, 0x69,
	0x73, 0x74, 0x41, 0x73, 0x73, 0x65, 0x74, 0x52, 0x65, 0x73, 0x70, 0x6f, 0x6e, 0x73, 0x65, 0x22,
	0x49, 0x9a, 0xb5, 0x18, 0x45, 0x0a, 0x41, 0x2f, 0x74, 0x72, 0x61, 0x64, 0x69, 0x6e, 0x67, 0x2f,
	0x61, 0x63, 0x63, 0x6f, 0x75, 0x6e, 0x74, 0x73, 0x2f, 0x7b, 0x61, 0x63, 0x63, 0x6f, 0x75, 0x6e,
	0x74, 0x5f, 0x69, 0x64, 0x7d, 0x2f, 0x77, 0x61, 0x74, 0x63, 0x68, 0x6c, 0x69, 0x73, 0x74, 0x73,
	0x2f, 0x7b, 0x77, 0x61, 0x74, 0x63, 0x68, 0x6c, 0x69, 0x73, 0x74, 0x5f, 0x69, 0x64, 0x7d, 0x2f,
	0x7b, 0x73, 0x79, 0x6d, 0x62, 0x6f, 0x6c, 0x7d, 0x10, 0x04, 0x12, 0xa6, 0x01, 0x0a, 0x17, 0x4c,
	0x69, 0x73, 0x74, 0x42, 0x72, 0x6f, 0x6b, 0x65, 0x72, 0x43, 0x72, 0x79, 0x70, 0x74, 0x6f, 0x57,
	0x61, 0x6c, 0x6c, 0x65, 0x74, 0x73, 0x12, 0x30, 0x2e, 0x61, 0x6c, 0x70, 0x61, 0x63, 0x61, 0x2e,
	0x62, 0x72, 0x6f, 0x6b, 0x65, 0x72, 0x2e, 0x76, 0x31, 0x2e, 0x4c, 0x69, 0x73, 0x74, 0x42, 0x72,
	0x6f, 0x6b, 0x65, 0x72, 0x43, 0x72, 0x79, 0x70, 0x74, 0x6f, 0x57, 0x61, 0x6c, 0x6c, 0x65, 0x74,
	0x73, 0x52, 0x65, 0x71, 0x75, 0x65, 0x73, 0x74, 0x1a, 0x31, 0x2e, 0x61, 0x6c, 0x70, 0x61, 0x63,
	0x61, 0x2e, 0x62, 0x72, 0x6f, 0x6b, 0x65, 0x72, 0x2e, 0x76, 0x31, 0x2e, 0x4c, 0x69, 0x73, 0x74,
	0x42, 0x72, 0x6f, 0x6b, 0x65, 0x72, 0x43, 0x72, 0x79, 0x70, 0x74, 0x6f, 0x57, 0x61, 0x6c, 0x6c,
	0x65, 0x74, 0x73, 0x52, 0x65, 0x73, 0x70, 0x6f, 0x6e, 0x73, 0x65, 0x22, 0x26, 0x9a, 0xb5, 0x18,
	0x22, 0x0a, 0x1e, 0x2f, 0x61, 0x63, 0x63, 0x6f, 0x75, 0x6e, 0x74, 0x73, 0x2f, 0x7b, 0x61, 0x63,
	0x63, 0x6f, 0x75, 0x6e, 0x74, 0x5f, 0x69, 0x64, 0x7d, 0x2f, 0x77, 0x61, 0x6c, 0x6c, 0x65, 0x74,
	0x73, 0x10, 0x01, 0x12, 0xb6, 0x01, 0x0a, 0x19, 0x4c, 0x69, 0x73, 0x74, 0x42, 0x72, 0x6f, 0x6b,
	0x65, 0x72, 0x43, 0x72, 0x79, 0x70, 0x74, 0x6f, 0x54, 0x72, 0x61, 0x6e, 0x73, 0x66, 0x65, 0x72,
	0x73, 0x12, 0x32, 0x2e, 0x61, 0x6c, 0x70, 0x61, 0x63, 0x61, 0x2e, 0x62, 0x72, 0x6f, 0x6b, 0x65,
	0x72, 0x2e, 0x76, 0x31, 0x2e, 0x4c, 0x69, 0x73, 0x74, 0x42, 0x72, 0x6f, 0x6b, 0x65, 0x72, 0x43,
	0x72, 0x79, 0x70, 0x74, 0x6f, 0x54, 0x72, 0x61, 0x6e, 0x73, 0x66, 0x65, 0x72, 0x73, 0x52, 0x65,
	0x71, 0x75, 0x65, 0x73, 0x74, 0x1a, 0x33, 0x2e, 0x61, 0x6c, 0x70, 0x61, 0x63, 0x61, 0x2e, 0x62,
	0x72, 0x6f, 0x6b, 0x65, 0x72, 0x2e, 0x76, 0x31, 0x2e, 0x4c, 0x69, 0x73, 0x74, 0x42, 0x72, 0x6f,
	0x6b, 0x65, 0x72, 0x43, 0x72, 0x79, 0x70, 0x74, 0x6f, 0x54, 0x72, 0x61, 0x6e, 0x73, 0x66, 0x65,
	0x72, 0x73, 0x52, 0x65, 0x73, 0x70, 0x6f, 0x6e, 0x73, 0x65, 0x22, 0x30, 0x9a, 0xb5, 0x18, 0x2c,
	0x0a, 0x28, 0x2f, 0x61, 0x63, 0x63, 0x6f, 0x75, 0x6e, 0x74, 0x73, 0x2f, 0x7b, 0x61, 0x63, 0x63,
	0x6f, 0x75, 0x6e, 0x74, 0x5f, 0x69, 0x64, 0x7d, 0x2f, 0x77, 0x61, 0x6c, 0x6c, 0x65, 0x74, 0x73,
	0x2f, 0x74, 0x72, 0x61, 0x6e, 0x73, 0x66, 0x65, 0x72, 0x73, 0x10, 0x01, 0x12, 0xb3, 0x01, 0x0a,
	0x17, 0x47, 0x65, 0x74, 0x42, 0x72, 0x6f, 0x6b, 0x65, 0x72, 0x43, 0x72, 0x79, 0x70, 0x74, 0x6f,
	0x54, 0x72, 0x61, 0x6e, 0x73, 0x66, 0x65, 0x72, 0x12, 0x30, 0x2e, 0x61, 0x6c, 0x70, 0x61, 0x63,
	0x61, 0x2e, 0x62, 0x72, 0x6f, 0x6b, 0x65, 0x72, 0x2e, 0x76, 0x31, 0x2e, 0x47, 0x65, 0x74, 0x42,
	0x72, 0x6f, 0x6b, 0x65, 0x72, 0x43, 0x72, 0x79, 0x70, 0x74, 0x6f, 0x54, 0x72, 0x61, 0x6e, 0x73,
	0x66, 0x65, 0x72, 0x52, 0x65, 0x71, 0x75, 0x65, 0x73, 0x74, 0x1a, 0x26, 0x2e, 0x61, 0x6c, 0x70,
	0x61, 0x63, 0x61, 0x2e, 0x62, 0x72, 0x6f, 0x6b, 0x65, 0x72, 0x2e, 0x76, 0x31, 0x2e, 0x42, 0x72,
	0x6f, 0x6b, 0x65, 0x72, 0x43, 0x72, 0x79, 0x70, 0x74, 0x6f, 0x54, 0x72, 0x61, 0x6e, 0x73, 0x66,
	0x65, 0x72, 0x22, 0x3e, 0x9a, 0xb5, 0x18, 0x3a, 0x0a, 0x36, 0x2f, 0x61, 0x63, 0x63, 0x6f, 0x75,
	0x6e, 0x74, 0x73, 0x2f, 0x7b, 0x61, 0x63, 0x63, 0x6f, 0x75, 0x6e, 0x74, 0x5f, 0x69, 0x64, 0x7d,
	0x2f, 0x77, 0x61, 0x6c, 0x6c, 0x65, 0x74, 0x73, 0x2f, 0x74, 0x72, 0x61, 0x6e, 0x73, 0x66, 0x65,
	0x72, 0x73, 0x2f, 0x7b, 0x74, 0x72, 0x61, 0x6e, 0x73, 0x66, 0x65, 0x72, 0x5f, 0x69, 0x64, 0x7d,
	0x10, 0x01, 0x12, 0xab, 0x01, 0x0a, 0x1a, 0x43, 0x72, 0x65, 0x61, 0x74, 0x65, 0x42, 0x72, 0x6f,
	0x6b, 0x65, 0x72, 0x43, 0x72, 0x79, 0x70, 0x74, 0x6f, 0x54, 0x72, 0x61, 0x6e, 0x73, 0x66, 0x65,
	0x72, 0x12, 0x33, 0x2e, 0x61, 0x6c, 0x70, 0x61, 0x63, 0x61, 0x2e, 0x62, 0x72, 0x6f, 0x6b, 0x65,
	0x72, 0x2e, 0x76, 0x31, 0x2e, 0x43, 0x72, 0x65, 0x61, 0x74, 0x65, 0x42, 0x72, 0x6f, 0x6b, 0x65,
	0x72, 0x43, 0x72, 0x79, 0x70, 0x74, 0x6f, 0x54, 0x72, 0x61, 0x6e, 0x73, 0x66, 0x65, 0x72, 0x52,
	0x65, 0x71, 0x75, 0x65, 0x73, 0x74, 0x1a, 0x26, 0x2e, 0x61, 0x6c, 0x70, 0x61, 0x63, 0x61, 0x2e,
	0x62, 0x72, 0x6f, 0x6b, 0x65, 0x72, 0x2e, 0x76, 0x31, 0x2e, 0x42, 0x72, 0x6f, 0x6b, 0x65, 0x72,
	0x43, 0x72, 0x79, 0x70, 0x74, 0x6f, 0x54, 0x72, 0x61, 0x6e, 0x73, 0x66, 0x65, 0x72, 0x22, 0x30,
	0x9a, 0xb5, 0x18, 0x2c, 0x0a, 0x28, 0x2f, 0x61, 0x63, 0x63, 0x6f, 0x75, 0x6e, 0x74, 0x73, 0x2f,
	0x7b, 0x61, 0x63, 0x63, 0x6f, 0x75, 0x6e, 0x74, 0x5f, 0x69, 0x64, 0x7d, 0x2f, 0x77, 0x61, 0x6c,
	0x6c, 0x65, 0x74, 0x73, 0x2f, 0x74, 0x72, 0x61, 0x6e, 0x73, 0x66, 0x65, 0x72, 0x73, 0x10, 0x02,
	0x12, 0xd1, 0x01, 0x0a, 0x1e, 0x4c, 0x69, 0x73, 0x74, 0x42, 0x72, 0x6f, 0x6b, 0x65, 0x72, 0x57,
	0x68, 0x69, 0x74, 0x65, 0x6c, 0x69, 0x73, 0x74, 0x65, 0x64, 0x41, 0x64, 0x64, 0x72, 0x65, 0x73,
	0x73, 0x65, 0x73, 0x12, 0x37, 0x2e, 0x61, 0x6c, 0x70, 0x61, 0x63, 0x61, 0x2e, 0x62, 0x72, 0x6f,
	0x6b, 0x65, 0x72, 0x2e, 0x76, 0x31, 0x2e, 0x4c, 0x69, 0x73, 0x74, 0x42, 0x72, 0x6f, 0x6b, 0x65,
	0x72, 0x57, 0x68, 0x69, 0x74, 0x65, 0x6c, 0x69, 0x73, 0x74, 0x65, 0x64, 0x41, 0x64, 0x64, 0x72,
	0x65, 0x73, 0x73, 0x65, 0x73, 0x52, 0x65, 0x71, 0x75, 0x65, 0x73, 0x74, 0x1a, 0x38, 0x2e, 0x61,
	0x6c, 0x70, 0x61, 0x63, 0x61, 0x2e, 0x62, 0x72, 0x6f, 0x6b, 0x65, 0x72, 0x2e, 0x76, 0x31, 0x2e,
	0x4c, 0x69, 0x73, 0x74, 0x42, 0x72, 0x6f, 0x6b, 0x65, 0x72, 0x57, 0x68, 0x69, 0x74, 0x65, 0x6c,
	0x69, 0x73, 0x74, 0x65, 0x64, 0x41, 0x64, 0x64, 0x72, 0x65, 0x73, 0x73, 0x65, 0x73, 0x52, 0x65,
	0x73, 0x70, 0x6f, 0x6e, 0x73, 0x65, 0x22, 0x3c, 0x9a, 0xb5, 0x18, 0x38, 0x0a, 0x34, 0x2f, 0x61,
	0x63, 0x63, 0x6f, 0x75, 0x6e, 0x74, 0x73, 0x2f, 0x7b, 0x61, 0x63, 0x63, 0x6f, 0x75, 0x6e, 0x74,
	0x5f, 0x69, 0x64, 0x7d, 0x2f, 0x77, 0x61, 0x6c, 0x6c, 0x65, 0x74, 0x73, 0x2f, 0x77, 0x68, 0x69,
	0x74, 0x65, 0x6c, 0x69, 0x73, 0x74, 0x65, 0x64, 0x5f, 0x61, 0x64, 0x64, 0x72, 0x65, 0x73, 0x73,
	0x65, 0x73, 0x10, 0x01, 0x12, 0xc3, 0x01, 0x0a, 0x1e, 0x43, 0x72, 0x65, 0x61, 0x74, 0x65, 0x42,
	0x72, 0x6f, 0x6b, 0x65, 0x72, 0x57, 0x68, 0x69, 0x74, 0x65, 0x6c, 0x69, 0x73, 0x74, 0x65, 0x64,
	0x41, 0x64, 0x64, 0x72, 0x65, 0x73, 0x73, 0x12, 0x37, 0x2e, 0x61, 0x6c, 0x70, 0x61, 0x63, 0x61,
	0x2e, 0x62, 0x72, 0x6f, 0x6b, 0x65, 0x72, 0x2e, 0x76, 0x31, 0x2e, 0x43, 0x72, 0x65, 0x61, 0x74,
	0x65, 0x42, 0x72, 0x6f, 0x6b, 0x65, 0x72, 0x57, 0x68, 0x69, 0x74, 0x65, 0x6c, 0x69, 0x73, 0x74,
	0x65, 0x64, 0x41, 0x64, 0x64, 0x72, 0x65, 0x73, 0x73, 0x52, 0x65, 0x71, 0x75, 0x65, 0x73, 0x74,
	0x1a, 0x2a, 0x2e, 0x61, 0x6c, 0x70, 0x61, 0x63, 0x61, 0x2e, 0x62, 0x72, 0x6f, 0x6b, 0x65, 0x72,
	0x2e, 0x76, 0x31, 0x2e, 0x42, 0x72, 0x6f, 0x6b, 0x65, 0x72, 0x57, 0x68, 0x69, 0x74, 0x65, 0x6c,
	0x69, 0x73, 0x74, 0x65, 0x64, 0x41, 0x64, 0x64, 0x72, 0x65, 0x73, 0x73, 0x22, 0x3c, 0x9a, 0xb5,
	0x18, 0x38, 0x0a, 0x34, 0x2f, 0x61, 0x63, 0x63, 0x6f, 0x75, 0x6e, 0x74, 0x73, 0x2f, 0x7b, 0x61,
	0x63, 0x63, 0x6f, 0x75, 0x6e, 0x74, 0x5f, 0x69, 0x64, 0x7d, 0x2f, 0x77, 0x61, 0x6c, 0x6c, 0x65,
	0x74, 0x73, 0x2f, 0x77, 0x68, 0x69, 0x74, 0x65, 0x6c, 0x69, 0x73, 0x74, 0x65, 0x64, 0x5f, 0x61,
	0x64, 0x64, 0x72, 0x65, 0x73, 0x73, 0x65, 0x73, 0x10, 0x02, 0x12, 0xea, 0x01, 0x0a, 0x1e, 0x44,
	0x65, 0x6c, 0x65, 0x74, 0x65, 0x42, 0x72, 0x6f, 0x6b, 0x65, 0x72, 0x57, 0x68, 0x69, 0x74, 0x65,
	0x6c, 0x69, 0x73, 0x74, 0x65, 0x64, 0x41, 0x64, 0x64, 0x72, 0x65, 0x73, 0x73, 0x12, 0x37, 0x2e,
	0x61, 0x6c, 0x70, 0x61, 0x63, 0x61, 0x2e, 0x62, 0x72, 0x6f, 0x6b, 0x65, 0x72, 0x2e, 0x76, 0x31,
	0x2e, 0x44, 0x65, 0x6c, 0x65, 0x74, 0x65, 0x42, 0x72, 0x6f, 0x6b, 0x65, 0x72, 0x57, 0x68, 0x69,
	0x74, 0x65, 0x6c, 0x69, 0x73, 0x74, 0x65, 0x64, 0x41, 0x64, 0x64, 0x72, 0x65, 0x73, 0x73, 0x52,
	0x65, 0x71, 0x75, 0x65, 0x73, 0x74, 0x1a, 0x38, 0x2e, 0x61, 0x6c, 0x70, 0x61, 0x63, 0x61, 0x2e,
	0x62, 0x72, 0x6f, 0x6b, 0x65, 0x72, 0x2e, 0x76, 0x31, 0x2e, 0x44, 0x65, 0x6c, 0x65, 0x74, 0x65,
	0x42, 0x72, 0x6f, 0x6b, 0x65, 0x72, 0x57, 0x68, 0x69, 0x74, 0x65, 0x6c, 0x69, 0x73, 0x74, 0x65,
	0x64, 0x41, 0x64, 0x64, 0x72, 0x65, 0x73, 0x73, 0x52, 0x65, 0x73, 0x70, 0x6f, 0x6e, 0x73, 0x65,
	0x22, 0x55, 0x9a, 0xb5, 0x18, 0x51, 0x0a, 0x4d, 0x2f, 0x61, 0x63, 0x63, 0x6f, 0x75, 0x6e, 0x74,
	0x73, 0x2f, 0x7b, 0x61, 0x63, 0x63, 0x6f, 0x75, 0x6e, 0x74, 0x5f, 0x69, 0x64, 0x7d, 0x2f, 0x77,
	0x61, 0x6c, 0x6c, 0x65, 0x74, 0x73, 0x2f, 0x77, 0x68, 0x69, 0x74, 0x65, 0x6c, 0x69, 0x73, 0x74,
	0x65, 0x64, 0x5f, 0x61, 0x64, 0x64, 0x72, 0x65, 0x73, 0x73, 0x65, 0x73, 0x2f, 0x7b, 0x77, 0x68,
	0x69, 0x74, 0x65, 0x6c, 0x69, 0x73, 0x74, 0x65, 0x64, 0x5f, 0x61, 0x64, 0x64, 0x72, 0x65, 0x73,
	0x73, 0x5f, 0x69, 0x64, 0x7d, 0x10, 0x04, 0x12, 0x65, 0x0a, 0x0d, 0x43, 0x72, 0x65, 0x61, 0x74,
	0x65, 0x4a, 0x6f, 0x75, 0x72, 0x6e, 0x61, 0x6c, 0x12, 0x26, 0x2e, 0x61, 0x6c, 0x70, 0x61, 0x63,
	0x61, 0x2e, 0x62, 0x72, 0x6f, 0x6b, 0x65, 0x72, 0x2e, 0x76, 0x31, 0x2e, 0x43, 0x72, 0x65, 0x61,
	0x74, 0x65, 0x4a, 0x6f, 0x75, 0x72, 0x6e, 0x61, 0x6c, 0x52, 0x65, 0x71, 0x75, 0x65, 0x73, 0x74,
	0x1a, 0x19, 0x2e, 0x61, 0x6c, 0x70, 0x61, 0x63, 0x61, 0x2e, 0x62, 0x72, 0x6f, 0x6b, 0x65, 0x72,
	0x2e, 0x76, 0x31, 0x2e, 0x4a, 0x6f, 0x75, 0x72, 0x6e, 0x61, 0x6c, 0x22, 0x11, 0x9a, 0xb5, 0x18,
	0x0d, 0x0a, 0x09, 0x2f, 0x6a, 0x6f, 0x75, 0x72, 0x6e, 0x61, 0x6c, 0x73, 0x10, 0x02, 0x12, 0x70,
	0x0a, 0x0c, 0x4c, 0x69, 0x73, 0x74, 0x4a, 0x6f, 0x75, 0x72, 0x6e, 0x61, 0x6c, 0x73, 0x12, 0x25,
	0x2e, 0x61, 0x6c, 0x70, 0x61, 0x63, 0x61, 0x2e, 0x62, 0x72, 0x6f, 0x6b, 0x65, 0x72, 0x2e, 0x76,
	0x31, 0x2e, 0x4c, 0x69, 0x73, 0x74, 0x4a, 0x6f, 0x75, 0x72, 0x6e, 0x61, 0x6c, 0x73, 0x52, 0x65,
	0x71, 0x75, 0x65, 0x73, 0x74, 0x1a, 0x26, 0x2e, 0x61, 0x6c, 0x70, 0x61, 0x63, 0x61, 0x2e, 0x62,
	0x72, 0x6f, 0x6b, 0x65, 0x72, 0x2e, 0x76, 0x31, 0x2e, 0x4c, 0x69, 0x73, 0x74, 0x4a, 0x6f, 0x75,
	0x72, 0x6e, 0x61, 0x6c, 0x73, 0x52, 0x65, 0x73, 0x70, 0x6f, 0x6e, 0x73, 0x65, 0x22, 0x11, 0x9a,
	0xb5, 0x18, 0x0d, 0x0a, 0x09, 0x2f, 0x6a, 0x6f, 0x75, 0x72, 0x6e, 0x61, 0x6c, 0x73, 0x10, 0x01,
	0x12, 0x6c, 0x0a, 0x0a, 0x47, 0x65, 0x74, 0x4a, 0x6f, 0x75, 0x72, 0x6e, 0x61, 0x6c, 0x12, 0x23,
	0x2e, 0x61, 0x6c, 0x70, 0x61, 0x63, 0x61, 0x2e, 0x62, 0x72, 0x6f, 0x6b, 0x65, 0x72, 0x2e, 0x76,
	0x31, 0x2e, 0x47, 0x65, 0x74, 0x4a, 0x6f, 0x75, 0x72, 0x6e, 0x61, 0x6c, 0x52, 0x65, 0x71, 0x75,
	0x65, 0x73, 0x74, 0x1a, 0x19, 0x2e, 0x61, 0x6c, 0x70, 0x61, 0x63, 0x61, 0x2e, 0x62, 0x72, 0x6f,
	0x6b, 0x65, 0x72, 0x2e, 0x76, 0x31, 0x2e, 0x4a, 0x6f, 0x75, 0x72, 0x6e, 0x61, 0x6c, 0x22, 0x1e,
	0x9a, 0xb5, 0x18, 0x1a, 0x0a, 0x16, 0x2f, 0x6a, 0x6f, 0x75, 0x72, 0x6e, 0x61, 0x6c, 0x73, 0x2f,
	0x7b, 0x6a, 0x6f, 0x75, 0x72, 0x6e, 0x61, 0x6c, 0x5f, 0x69, 0x64, 0x7d, 0x10, 0x01, 0x12, 0x80,
	0x01, 0x0a, 0x0d, 0x44, 0x65, 0x6c, 0x65, 0x74, 0x65, 0x4a, 0x6f, 0x75, 0x72, 0x6e, 0x61, 0x6c,
	0x12, 0x26, 0x2e, 0x61, 0x6c, 0x70, 0x61, 0x63, 0x61, 0x2e, 0x62, 0x72, 0x6f, 0x6b, 0x65, 0x72,
	0x2e, 0x76, 0x31, 0x2e, 0x44, 0x65, 0x6c, 0x65, 0x74, 0x65, 0x4a, 0x6f, 0x75, 0x72, 0x6e, 0x61,
	0x6c, 0x52, 0x65, 0x71, 0x75, 0x65, 0x73, 0x74, 0x1a, 0x27, 0x2e, 0x61, 0x6c, 0x70, 0x61, 0x63,
	0x61, 0x2e, 0x62, 0x72, 0x6f, 0x6b, 0x65, 0x72, 0x2e, 0x76, 0x31, 0x2e, 0x44, 0x65, 0x6c, 0x65,
	0x74, 0x65, 0x4a, 0x6f, 0x75, 0x72, 0x6e, 0x61, 0x6c, 0x52, 0x65, 0x73, 0x70, 0x6f, 0x6e, 0x73,
	0x65, 0x22, 0x1e, 0x9a, 0xb5, 0x18, 0x1a, 0x0a, 0x16, 0x2f, 0x6a, 0x6f, 0x75, 0x72, 0x6e, 0x61,
	0x6c, 0x73, 0x2f, 0x7b, 0x6a, 0x6f, 0x75, 0x72, 0x6e, 0x61, 0x6c, 0x5f, 0x69, 0x64, 0x7d, 0x10,
	0x04, 0x12, 0x88, 0x01, 0x0a, 0x12, 0x43, 0x72, 0x65, 0x61, 0x74, 0x65, 0x42, 0x61, 0x74, 0x63,
	0x68, 0x4a, 0x6f, 0x75, 0x72, 0x6e, 0x61, 0x6c, 0x12, 0x2b, 0x2e, 0x61, 0x6c, 0x70, 0x61, 0x63,
	0x61, 0x2e, 0x62, 0x72, 0x6f, 0x6b, 0x65, 0x72, 0x2e, 0x76, 0x31, 0x2e, 0x43, 0x72, 0x65, 0x61,
	0x74, 0x65, 0x42, 0x61, 0x74, 0x63, 0x68, 0x4a, 0x6f, 0x75, 0x72, 0x6e, 0x61, 0x6c, 0x52, 0x65,
	0x71, 0x75, 0x65, 0x73, 0x74, 0x1a, 0x2c, 0x2e, 0x61, 0x6c, 0x70, 0x61, 0x63, 0x61, 0x2e, 0x62,
	0x72, 0x6f, 0x6b, 0x65, 0x72, 0x2e, 0x76, 0x31, 0x2e, 0x43, 0x72, 0x65, 0x61, 0x74, 0x65, 0x42,
	0x61, 0x74, 0x63, 0x68, 0x4a, 0x6f, 0x75, 0x72, 0x6e, 0x61, 0x6c, 0x52, 0x65, 0x73, 0x70, 0x6f,
	0x6e, 0x73, 0x65, 0x22, 0x17, 0x9a, 0xb5, 0x18, 0x13, 0x0a, 0x0f, 0x2f, 0x6a, 0x6f, 0x75, 0x72,
	0x6e, 0x61, 0x6c, 0x73, 0x2f, 0x62, 0x61, 0x74, 0x63, 0x68, 0x10, 0x02, 0x12, 0x93, 0x01, 0x0a,
	0x13, 0x52, 0x65, 0x76, 0x65, 0x72, 0x73, 0x65, 0x42, 0x61, 0x74, 0x63, 0x68, 0x4a, 0x6f, 0x75,
	0x72, 0x6e, 0x61, 0x6c, 0x12, 0x2c, 0x2e, 0x61, 0x6c, 0x70, 0x61, 0x63, 0x61, 0x2e, 0x62, 0x72,
	0x6f, 0x6b, 0x65, 0x72, 0x2e, 0x76, 0x31, 0x2e, 0x52, 0x65, 0x76, 0x65, 0x72, 0x73, 0x65, 0x42,
	0x61, 0x74, 0x63, 0x68, 0x4a, 0x6f, 0x75, 0x72, 0x6e, 0x61, 0x6c, 0x52, 0x65, 0x71, 0x75, 0x65,
	0x73, 0x74, 0x1a, 0x2d, 0x2e, 0x61, 0x6c, 0x70, 0x61, 0x63, 0x61, 0x2e, 0x62, 0x72, 0x6f, 0x6b,
	0x65, 0x72, 0x2e, 0x76, 0x31, 0x2e, 0x52, 0x65, 0x76, 0x65, 0x72, 0x73, 0x65, 0x42, 0x61, 0x74,
	0x63, 0x68, 0x4a, 0x6f, 0x75, 0x72, 0x6e, 0x61, 0x6c, 0x52, 0x65, 0x73, 0x70, 0x6f, 0x6e, 0x73,
	0x65, 0x22, 0x1f, 0x9a, 0xb5, 0x18, 0x1b, 0x0a, 0x17, 0x2f, 0x6a, 0x6f, 0x75, 0x72, 0x6e, 0x61,
	0x6c, 0x73, 0x2f, 0x72, 0x65, 0x76, 0x65, 0x72, 0x73, 0x65, 0x5f, 0x62, 0x61, 0x74, 0x63, 0x68,
	0x10, 0x02, 0x12, 0x84, 0x01, 0x0a, 0x0e, 0x4c, 0x69, 0x73, 0x74, 0x50, 0x6f, 0x72, 0x74, 0x66,
	0x6f, 0x6c, 0x69, 0x6f, 0x73, 0x12, 0x27, 0x2e, 0x61, 0x6c, 0x70, 0x61, 0x63, 0x61, 0x2e, 0x62,
	0x72, 0x6f, 0x6b, 0x65, 0x72, 0x2e, 0x76, 0x31, 0x2e, 0x4c, 0x69, 0x73, 0x74, 0x50, 0x6f, 0x72,
	0x74, 0x66, 0x6f, 0x6c, 0x69, 0x6f, 0x73, 0x52, 0x65, 0x71, 0x75, 0x65, 0x73, 0x74, 0x1a, 0x28,
	0x2e, 0x61, 0x6c, 0x70, 0x61, 0x63, 0x61, 0x2e, 0x62, 0x72, 0x6f, 0x6b, 0x65, 0x72, 0x2e, 0x76,
	0x31, 0x2e, 0x4c, 0x69, 0x73, 0x74, 0x50, 0x6f, 0x72, 0x74, 0x66, 0x6f, 0x6c, 0x69, 0x6f, 0x73,
	0x52, 0x65, 0x73, 0x70, 0x6f, 0x6e, 0x73, 0x65, 0x22, 0x1f, 0x9a, 0xb5, 0x18, 0x1b, 0x0a, 0x17,
	0x2f, 0x72, 0x65, 0x62, 0x61, 0x6c, 0x61, 0x6e, 0x63, 0x69, 0x6e, 0x67, 0x2f, 0x70, 0x6f, 0x72,
	0x74, 0x66, 0x6f, 0x6c, 0x69, 0x6f, 0x73, 0x10, 0x01, 0x12, 0x84, 0x01, 0x0a, 0x0f, 0x43, 0x72,
	0x65, 0x61, 0x74, 0x65, 0x50, 0x6f, 0x72, 0x74, 0x66, 0x6f, 0x6c, 0x69, 0x6f, 0x12, 0x28, 0x2e,
	0x61, 0x6c, 0x70, 0x61, 0x63, 0x61, 0x2e, 0x62, 0x72, 0x6f, 0x6b, 0x65, 0x72, 0x2e, 0x76, 0x31,
	0x2e, 0x43, 0x72, 0x65, 0x61, 0x74, 0x65, 0x50, 0x6f, 0x72, 0x74, 0x66, 0x6f, 0x6c, 0x69, 0x6f,
	0x52, 0x65, 0x71, 0x75, 0x65, 0x73, 0x74, 0x1a, 0x26, 0x2e, 0x61, 0x6c, 0x70, 0x61, 0x63, 0x61,
	0x2e, 0x62, 0x72, 0x6f, 0x6b, 0x65, 0x72, 0x2e, 0x76, 0x31, 0x2e, 0x52, 0x65, 0x62, 0x61, 0x6c,
	0x61, 0x6e, 0x63, 0x69, 0x6e, 0x67, 0x50, 0x6f, 0x72, 0x74, 0x66, 0x6f, 0x6c, 0x69, 0x6f, 0x22,
	0x1f, 0x9a, 0xb5, 0x18, 0x1b, 0x0a, 0x17, 0x2f, 0x72, 0x65, 0x62, 0x61, 0x6c, 0x61, 0x6e, 0x63,
	0x69, 0x6e, 0x67, 0x2f, 0x70, 0x6f, 0x72, 0x74, 0x66, 0x6f, 0x6c, 0x69, 0x6f, 0x73, 0x10, 0x02,
	0x12, 0x8d, 0x01, 0x0a, 0x0c, 0x47, 0x65, 0x74, 0x50, 0x6f, 0x72, 0x74, 0x66, 0x6f, 0x6c, 0x69,
	0x6f, 0x12, 0x25, 0x2e, 0x61, 0x6c, 0x70, 0x61, 0x63, 0x61, 0x2e, 0x62, 0x72, 0x6f, 0x6b, 0x65,
	0x72, 0x2e, 0x76, 0x31, 0x2e, 0x47, 0x65, 0x74, 0x50, 0x6f, 0x72, 0x74, 0x66, 0x6f, 0x6c, 0x69,
	0x6f, 0x52, 0x65, 0x71, 0x75, 0x65, 0x73, 0x74, 0x1a, 0x26, 0x2e, 0x61, 0x6c, 0x70, 0x61, 0x63,
	0x61, 0x2e, 0x62, 0x72, 0x6f, 0x6b, 0x65, 0x72, 0x2e, 0x76, 0x31, 0x2e, 0x52, 0x65, 0x62, 0x61,
	0x6c, 0x61, 0x6e, 0x63, 0x69, 0x6e, 0x67, 0x50, 0x6f, 0x72, 0x74, 0x66, 0x6f, 0x6c, 0x69, 0x6f,
	0x22, 0x2e, 0x9a, 0xb5, 0x18, 0x2a, 0x0a, 0x26, 0x2f, 0x72, 0x65, 0x62, 0x61, 0x6c, 0x61, 0x6e,
	0x63, 0x69, 0x6e, 0x67, 0x2f, 0x70, 0x6f, 0x72, 0x74, 0x66, 0x6f, 0x6c, 0x69, 0x6f, 0x73, 0x2f,
	0x7b, 0x70, 0x6f, 0x72, 0x74, 0x66, 0x6f, 0x6c, 0x69, 0x6f, 0x5f, 0x69, 0x64, 0x7d, 0x10, 0x01,
	0x12, 0x93, 0x01, 0x0a, 0x0f, 0x55, 0x70, 0x64, 0x61, 0x74, 0x65, 0x50, 0x6f, 0x72, 0x74, 0x66,
	0x6f, 0x6c, 0x69, 0x6f, 0x12, 0x28, 0x2e, 0x61, 0x6c, 0x70, 0x61, 0x63, 0x61, 0x2e, 0x62, 0x72,
	0x6f, 0x6b, 0x65, 0x72, 0x2e, 0x76, 0x31, 0x2e, 0x55, 0x70, 0x64, 0x61, 0x74, 0x65, 0x50, 0x6f,
	0x72, 0x74, 0x66, 0x6f, 0x6c, 0x69, 0x6f, 0x52, 0x65, 0x71, 0x75, 0x65, 0x73, 0x74, 0x1a, 0x26,
	0x2e, 0x61, 0x6c, 0x70, 0x61, 0x63, 0x61, 0x2e, 0x62, 0x72, 0x6f, 0x6b, 0x65, 0x72, 0x2e, 0x76,
	0x31, 0x2e, 0x52, 0x65, 0x62, 0x61, 0x6c, 0x61, 0x6e, 0x63, 0x69, 0x6e, 0x67, 0x50, 0x6f, 0x72,
	0x74, 0x66, 0x6f, 0x6c, 0x69, 0x6f, 0x22, 0x2e, 0x9a, 0xb5, 0x18, 0x2a, 0x0a, 0x26, 0x2f, 0x72,
	0x65, 0x62, 0x61, 0x6c, 0x61, 0x6e, 0x63, 0x69, 0x6e, 0x67, 0x2f, 0x70, 0x6f, 0x72, 0x74, 0x66,
	0x6f, 0x6c, 0x69, 0x6f, 0x73, 0x2f, 0x7b, 0x70, 0x6f, 0x72, 0x74, 0x66, 0x6f, 0x6c, 0x69, 0x6f,
	0x5f, 0x69, 0x64, 0x7d, 0x10, 0x05, 0x12, 0x96, 0x01, 0x0a, 0x0f, 0x44, 0x65, 0x6c, 0x65, 0x74,
	0x65, 0x50, 0x6f, 0x72, 0x74, 0x66, 0x6f, 0x6c, 0x69, 0x6f, 0x12, 0x28, 0x2e, 0x61, 0x6c, 0x70,
	0x61, 0x63, 0x61, 0x2e, 0x62, 0x72, 0x6f, 0x6b, 0x65, 0x72, 0x2e, 0x76, 0x31, 0x2e, 0x44, 0x65,
	0x6c, 0x65, 0x74, 0x65, 0x50, 0x6f, 0x72, 0x74, 0x66, 0x6f, 0x6c, 0x69, 0x6f, 0x52, 0x65, 0x71,
	0x75, 0x65, 0x73, 0x74, 0x1a, 0x29, 0x2e, 0x61, 0x6c, 0x70, 0x61, 0x63, 0x61, 0x2e, 0x62, 0x72,
	0x6f, 0x6b, 0x65, 0x72, 0x2e, 0x76, 0x31, 0x2e, 0x44, 0x65, 0x6c, 0x65, 0x74, 0x65, 0x50, 0x6f,
	0x72, 0x74, 0x66, 0x6f, 0x6c, 0x69, 0x6f, 0x52, 0x65, 0x73, 0x70, 0x6f, 0x6e, 0x73, 0x65, 0x22,
	0x2e, 0x9a, 0xb5, 0x18, 0x2a, 0x0a, 0x26, 0x2f, 0x72, 0x65, 0x62, 0x61, 0x6c, 0x61, 0x6e, 0x63,
	0x69, 0x6e, 0x67, 0x2f, 0x70, 0x6f, 0x72, 0x74, 0x66, 0x6f, 0x6c, 0x69, 0x6f, 0x73, 0x2f, 0x7b,
	0x70, 0x6f, 0x72, 0x74, 0x66, 0x6f, 0x6c, 0x69, 0x6f, 0x5f, 0x69, 0x64, 0x7d, 0x10, 0x04, 0x12,
	0x90, 0x01, 0x0a, 0x11, 0x4c, 0x69, 0x73, 0x74, 0x53, 0x75, 0x62, 0x73, 0x63, 0x72, 0x69, 0x70,
	0x74, 0x69, 0x6f, 0x6e, 0x73, 0x12, 0x2a, 0x2e, 0x61, 0x6c, 0x70, 0x61, 0x63, 0x61, 0x2e, 0x62,
	0x72, 0x6f, 0x6b, 0x65, 0x72, 0x2e, 0x76, 0x31, 0x2e, 0x4c, 0x69, 0x73, 0x74, 0x53, 0x75, 0x62,
	0x73, 0x63, 0x72, 0x69, 0x70, 0x74, 0x69, 0x6f, 0x6e, 0x73, 0x52, 0x65, 0x71, 0x75, 0x65, 0x73,
	0x74, 0x1a, 0x2b, 0x2e, 0x61, 0x6c, 0x70, 0x61, 0x63, 0x61, 0x2e, 0x62, 0x72, 0x6f, 0x6b, 0x65,
	0x72, 0x2e, 0x76, 0x31, 0x2e, 0x4c, 0x69, 0x73, 0x74, 0x53, 0x75, 0x62, 0x73, 0x63, 0x72, 0x69,
	0x70, 0x74, 0x69, 0x6f, 0x6e, 0x73, 0x52, 0x65, 0x73, 0x70, 0x6f, 0x6e, 0x73, 0x65, 0x22, 0x22,
	0x9a, 0xb5, 0x18, 0x1e, 0x0a, 0x1a, 0x2f, 0x72, 0x65, 0x62, 0x61, 0x6c, 0x61, 0x6e, 0x63, 0x69,
	0x6e, 0x67, 0x2f, 0x73, 0x75, 0x62, 0x73, 0x63, 0x72, 0x69, 0x70, 0x74, 0x69, 0x6f, 0x6e, 0x73,
	0x10, 0x01, 0x12, 0x90, 0x01, 0x0a, 0x12, 0x43, 0x72, 0x65, 0x61, 0x74, 0x65, 0x53, 0x75, 0x62,
	0x73, 0x63, 0x72, 0x69, 0x70, 0x74, 0x69, 0x6f, 0x6e, 0x12, 0x2b, 0x2e, 0x61, 0x6c, 0x70, 0x61,
	0x63, 0x61, 0x2e, 0x62, 0x72, 0x6f, 0x6b, 0x65, 0x72, 0x2e, 0x76, 0x31, 0x2e, 0x43, 0x72, 0x65,
	0x61, 0x74, 0x65, 0x53, 0x75, 0x62, 0x73, 0x63, 0x72, 0x69, 0x70, 0x74, 0x69, 0x6f, 0x6e, 0x52,
	0x65, 0x71, 0x75, 0x65, 0x73, 0x74, 0x1a, 0x29, 0x2e, 0x61, 0x6c, 0x70, 0x61, 0x63, 0x61, 0x2e,
	0x62, 0x72, 0x6f, 0x6b, 0x65, 0x72, 0x2e, 0x76, 0x31, 0x2e, 0x52, 0x65, 0x62, 0x61, 0x6c, 0x61,
	0x6e, 0x63, 0x69, 0x6e, 0x67, 0x53, 0x75, 0x62, 0x73, 0x63, 0x72, 0x69, 0x70, 0x74, 0x69, 0x6f,
	0x6e, 0x22, 0x22, 0x9a, 0xb5, 0x18, 0x1e, 0x0a, 0x1a, 0x2f, 0x72, 0x65, 0x62, 0x61, 0x6c, 0x61,
	0x6e, 0x63, 0x69, 0x6e, 0x67, 0x2f, 0x73, 0x75, 0x62, 0x73, 0x63, 0x72, 0x69, 0x70, 0x74, 0x69,
	0x6f, 0x6e, 0x73, 0x10, 0x02, 0x12, 0x9c, 0x01, 0x0a, 0x0f, 0x47, 0x65, 0x74, 0x53, 0x75, 0x62,
	0x73, 0x63, 0x72, 0x69, 0x70, 0x74, 0x69, 0x6f, 0x6e, 0x12, 0x28, 0x2e, 0x61, 0x6c, 0x70, 0x61,
	0x63, 0x61, 0x2e, 0x62, 0x72, 0x6f, 0x6b, 0x65, 0x72, 0x2e, 0x76, 0x31, 0x2e, 0x47, 0x65, 0x74,
	0x53, 0x75, 0x62, 0x73, 0x63, 0x72, 0x69, 0x70, 0x74, 0x69, 0x6f, 0x6e, 0x52, 0x65, 0x71, 0x75,
	0x65, 0x73, 0x74, 0x1a, 0x29, 0x2e, 0x61, 0x6c, 0x70, 0x61, 0x63, 0x61, 0x2e, 0x62, 0x72, 0x6f,
	0x6b, 0x65, 0x72, 0x2e, 0x76, 0x31, 0x2e, 0x52, 0x65, 0x62, 0x61, 0x6c, 0x61, 0x6e, 0x63, 0x69,
	0x6e, 0x67, 0x53, 0x75, 0x62, 0x73, 0x63, 0x72, 0x69, 0x70, 0x74, 0x69, 0x6f, 0x6e, 0x22, 0x34,
	0x9a, 0xb5, 0x18, 0x30, 0x0a, 0x2c, 0x2f, 0x72, 0x65, 0x62, 0x61, 0x6c, 0x61, 0x6e, 0x63, 0x69,
	0x6e, 0x67, 0x2f, 0x73, 0x75, 0x62, 0x73, 0x63, 0x72, 0x69, 0x70, 0x74, 0x69, 0x6f, 0x6e, 0x73,
	0x2f, 0x7b, 0x73, 0x75, 0x62, 0x73, 0x63, 0x72, 0x69, 0x70, 0x74, 0x69, 0x6f, 0x6e, 0x5f, 0x69,
	0x64, 0x7d, 0x10, 0x01, 0x12, 0xa5, 0x01, 0x0a, 0x12, 0x44, 0x65, 0x6c, 0x65, 0x74, 0x65, 0x53,
	0x75, 0x62, 0x73, 0x63, 0x72, 0x69, 0x70, 0x74, 0x69, 0x6f, 0x6e, 0x12, 0x2b, 0x2e, 0x61, 0x6c,
	0x70, 0x61, 0x63, 0x61, 0x2e, 0x62, 0x72, 0x6f, 0x6b, 0x65, 0x72, 0x2e, 0x76, 0x31, 0x2e, 0x44,
	0x65, 0x6c, 0x65, 0x74, 0x65, 0x53, 0x75, 0x62, 0x73, 0x63, 0x72, 0x69, 0x70, 0x74, 0x69, 0x6f,
	0x6e, 0x52, 0x65, 0x71, 0x75, 0x65, 0x73, 0x74, 0x1a, 0x2c, 0x2e, 0x61, 0x6c, 0x70, 0x61, 0x63,
	0x61, 0x2e, 0x62, 0x72, 0x6f, 0x6b, 0x65, 0x72, 0x2e, 0x76, 0x31, 0x2e, 0x44, 0x65, 0x6c, 0x65,
	0x74, 0x65, 0x53, 0x75, 0x62, 0x73, 0x63, 0x72, 0x69, 0x70, 0x74, 0x69, 0x6f, 0x6e, 0x52, 0x65,
	0x73, 0x70, 0x6f, 0x6e, 0x73, 0x65, 0x22, 0x34, 0x9a, 0xb5, 0x18, 0x30, 0x0a, 0x2c, 0x2f, 0x72,
	0x65, 0x62, 0x61, 0x6c, 0x61, 0x6e, 0x63, 0x69, 0x6e, 0x67, 0x2f, 0x73, 0x75, 0x62, 0x73, 0x63,
	0x72, 0x69, 0x70, 0x74, 0x69, 0x6f, 0x6e, 0x73, 0x2f, 0x7b, 0x73, 0x75, 0x62, 0x73, 0x63, 0x72,
	0x69, 0x70, 0x74, 0x69, 0x6f, 0x6e, 0x5f, 0x69, 0x64, 0x7d, 0x10, 0x04, 0x12, 0x6c, 0x0a, 0x08,
	0x4c, 0x69, 0x73, 0x74, 0x52, 0x75, 0x6e, 0x73, 0x12, 0x21, 0x2e, 0x61, 0x6c, 0x70, 0x61, 0x63,
	0x61, 0x2e, 0x62, 0x72, 0x6f, 0x6b, 0x65, 0x72, 0x2e, 0x76, 0x31, 0x2e, 0x4c, 0x69, 0x73, 0x74,
	0x52, 0x75, 0x6e, 0x73, 0x52, 0x65, 0x71, 0x75, 0x65, 0x73, 0x74, 0x1a, 0x22, 0x2e, 0x61, 0x6c,
	0x70, 0x61, 0x63, 0x61, 0x2e, 0x62, 0x72, 0x6f, 0x6b, 0x65, 0x72, 0x2e, 0x76, 0x31, 0x2e, 0x4c,
	0x69, 0x73, 0x74, 0x52, 0x75, 0x6e, 0x73, 0x52, 0x65, 0x73, 0x70, 0x6f, 0x6e, 0x73, 0x65, 0x22,
	0x19, 0x9a, 0xb5, 0x18, 0x15, 0x0a, 0x11, 0x2f, 0x72, 0x65, 0x62, 0x61, 0x6c, 0x61, 0x6e, 0x63,
	0x69, 0x6e, 0x67, 0x2f, 0x72, 0x75, 0x6e, 0x73, 0x10, 0x01, 0x12, 0x6c, 0x0a, 0x09, 0x43, 0x72,
	0x65, 0x61, 0x74, 0x65, 0x52, 0x75, 0x6e, 0x12, 0x22, 0x2e, 0x61, 0x6c, 0x70, 0x61, 0x63, 0x61,
	0x2e, 0x62, 0x72, 0x6f, 0x6b, 0x65, 0x72, 0x2e, 0x76, 0x31, 0x2e, 0x43, 0x72, 0x65, 0x61, 0x74,
	0x65, 0x52, 0x75, 0x6e, 0x52, 0x65, 0x71, 0x75, 0x65, 0x73, 0x74, 0x1a, 0x20, 0x2e, 0x61, 0x6c,
	0x70, 0x61, 0x63, 0x61, 0x2e, 0x62, 0x72, 0x6f, 0x6b, 0x65, 0x72, 0x2e, 0x76, 0x31, 0x2e, 0x52,
	0x65, 0x62, 0x61, 0x6c, 0x61, 0x6e, 0x63, 0x69, 0x6e, 0x67, 0x52, 0x75, 0x6e, 0x22, 0x19, 0x9a,
	0xb5, 0x18, 0x15, 0x0a, 0x11, 0x2f, 0x72, 0x65, 0x62, 0x61, 0x6c, 0x61, 0x6e, 0x63, 0x69, 0x6e,
	0x67, 0x2f, 0x72, 0x75, 0x6e, 0x73, 0x10, 0x02, 0x12, 0x6f, 0x0a, 0x06, 0x47, 0x65, 0x74, 0x52,
	0x75, 0x6e, 0x12, 0x1f, 0x2e, 0x61, 0x6c, 0x70, 0x61, 0x63, 0x61, 0x2e, 0x62, 0x72, 0x6f, 0x6b,
	0x65, 0x72, 0x2e, 0x76, 0x31, 0x2e, 0x47, 0x65, 0x74, 0x52, 0x75, 0x6e, 0x52, 0x65, 0x71, 0x75,
	0x65, 0x73, 0x74, 0x1a, 0x20, 0x2e, 0x61, 0x6c, 0x70, 0x61, 0x63, 0x61, 0x2e, 0x62, 0x72, 0x6f,
	0x6b, 0x65, 0x72, 0x2e, 0x76, 0x31, 0x2e, 0x52, 0x65, 0x62, 0x61, 0x6c, 0x61, 0x6e, 0x63, 0x69,
	0x6e, 0x67, 0x52, 0x75, 0x6e, 0x22, 0x22, 0x9a, 0xb5, 0x18, 0x1e, 0x0a, 0x1a, 0x2f, 0x72, 0x65,
	0x62, 0x61, 0x6c, 0x61, 0x6e, 0x63, 0x69, 0x6e, 0x67, 0x2f, 0x72, 0x75, 0x6e, 0x73, 0x2f, 0x7b,
	0x72, 0x75, 0x6e, 0x5f, 0x69, 0x64, 0x7d, 0x10, 0x01, 0x12, 0x78, 0x0a, 0x09, 0x43, 0x61, 0x6e,
	0x63, 0x65, 0x6c, 0x52, 0x75, 0x6e, 0x12, 0x22, 0x2e, 0x61, 0x6c, 0x70, 0x61, 0x63, 0x61, 0x2e,
	0x62, 0x72, 0x6f, 0x6b, 0x65, 0x72, 0x2e, 0x76, 0x31, 0x2e, 0x43, 0x61, 0x6e, 0x63, 0x65, 0x6c,
	0x52, 0x75, 0x6e, 0x52, 0x65, 0x71, 0x75, 0x65, 0x73, 0x74, 0x1a, 0x23, 0x2e, 0x61, 0x6c, 0x70,
	0x61, 0x63, 0x61, 0x2e, 0x62, 0x72, 0x6f, 0x6b, 0x65, 0x72, 0x2e, 0x76, 0x31, 0x2e, 0x43, 0x61,
	0x6e, 0x63, 0x65, 0x6c, 0x52, 0x75, 0x6e, 0x52, 0x65, 0x73, 0x70, 0x6f, 0x6e, 0x73, 0x65, 0x22,
	0x22, 0x9a, 0xb5, 0x18, 0x1e, 0x0a, 0x1a, 0x2f, 0x72, 0x65, 0x62, 0x61, 0x6c, 0x61, 0x6e, 0x63,
	0x69, 0x6e, 0x67, 0x2f, 0x72, 0x75, 0x6e, 0x73, 0x2f, 0x7b, 0x72, 0x75, 0x6e, 0x5f, 0x69, 0x64,
	0x7d, 0x10, 0x04, 0x12, 0x89, 0x01, 0x0a, 0x12, 0x4c, 0x69, 0x73, 0x74, 0x4a, 0x49, 0x54, 0x53,
	0x65, 0x74, 0x74, 0x6c, 0x65, 0x6d, 0x65, 0x6e, 0x74, 0x73, 0x12, 0x2b, 0x2e, 0x61, 0x6c, 0x70,
	0x61, 0x63, 0x61, 0x2e, 0x62, 0x72, 0x6f, 0x6b, 0x65, 0x72, 0x2e, 0x76, 0x31, 0x2e, 0x4c, 0x69,
	0x73, 0x74, 0x4a, 0x49, 0x54, 0x53, 0x65, 0x74, 0x74, 0x6c, 0x65, 0x6d, 0x65, 0x6e, 0x74, 0x73,
	0x52, 0x65, 0x71, 0x75, 0x65, 0x73, 0x74, 0x1a, 0x2c, 0x2e, 0x61, 0x6c, 0x70, 0x61, 0x63, 0x61,
	0x2e, 0x62, 0x72, 0x6f, 0x6b, 0x65, 0x72, 0x2e, 0x76, 0x31, 0x2e, 0x4c, 0x69, 0x73, 0x74, 0x4a,
	0x49, 0x54, 0x53, 0x65, 0x74, 0x74, 0x6c, 0x65, 0x6d, 0x65, 0x6e, 0x74, 0x73, 0x52, 0x65, 0x73,
	0x70, 0x6f, 0x6e, 0x73, 0x65, 0x22, 0x18, 0x9a, 0xb5, 0x18, 0x14, 0x0a, 0x10, 0x2f, 0x6a, 0x69,
	0x74, 0x2f, 0x73, 0x65, 0x74, 0x74, 0x6c, 0x65, 0x6d, 0x65, 0x6e, 0x74, 0x73, 0x10, 0x01, 0x12,
	0x88, 0x01, 0x0a, 0x10, 0x47, 0x65, 0x74, 0x4a, 0x49, 0x54, 0x53, 0x65, 0x74, 0x74, 0x6c, 0x65,
	0x6d, 0x65, 0x6e, 0x74, 0x12, 0x29, 0x2e, 0x61, 0x6c, 0x70, 0x61, 0x63, 0x61, 0x2e, 0x62, 0x72,
	0x6f, 0x6b, 0x65, 0x72, 0x2e, 0x76, 0x31, 0x2e, 0x47, 0x65, 0x74, 0x4a, 0x49, 0x54, 0x53, 0x65,
	0x74, 0x74, 0x6c, 0x65, 0x6d, 0x65, 0x6e, 0x74, 0x52, 0x65, 0x71, 0x75, 0x65, 0x73, 0x74, 0x1a,
	0x1f, 0x2e, 0x61, 0x6c, 0x70, 0x61, 0x63, 0x61, 0x2e, 0x62, 0x72, 0x6f, 0x6b, 0x65, 0x72, 0x2e,
	0x76, 0x31, 0x2e, 0x4a, 0x49, 0x54, 0x53, 0x65, 0x74, 0x74, 0x6c, 0x65, 0x6d, 0x65, 0x6e, 0x74,
	0x22, 0x28, 0x9a, 0xb5, 0x18, 0x24, 0x0a, 0x20, 0x2f, 0x6a, 0x69, 0x74, 0x2f, 0x73, 0x65, 0x74,
	0x74, 0x6c, 0x65, 0x6d, 0x65, 0x6e, 0x74, 0x73, 0x2f, 0x7b, 0x73, 0x65, 0x74, 0x74, 0x6c, 0x65,
	0x6d, 0x65, 0x6e, 0x74, 0x5f, 0x69, 0x64, 0x7d, 0x10, 0x01, 0x12, 0x7e, 0x0a, 0x13, 0x43, 0x72,
	0x65, 0x61, 0x74, 0x65, 0x4a, 0x49, 0x54, 0x53, 0x65, 0x74, 0x74, 0x6c, 0x65, 0x6d, 0x65, 0x6e,
	0x74, 0x12, 0x2c, 0x2e, 0x61, 0x6c, 0x70, 0x61, 0x63, 0x61, 0x2e, 0x62, 0x72, 0x6f, 0x6b, 0x65,
	0x72, 0x2e, 0x76, 0x31, 0x2e, 0x43, 0x72, 0x65, 0x61, 0x74, 0x65, 0x4a, 0x49, 0x54, 0x53, 0x65,
	0x74, 0x74, 0x6c, 0x65, 0x6d, 0x65, 0x6e, 0x74, 0x52, 0x65, 0x71, 0x75, 0x65, 0x73, 0x74, 0x1a,
	0x1f, 0x2e, 0x61, 0x6c, 0x70, 0x61, 0x63, 0x61, 0x2e, 0x62, 0x72, 0x6f, 0x6b, 0x65, 0x72, 0x2e,
	0x76, 0x31, 0x2e, 0x4a, 0x49, 0x54, 0x53, 0x65, 0x74, 0x74, 0x6c, 0x65, 0x6d, 0x65, 0x6e, 0x74,
	0x22, 0x18, 0x9a, 0xb5, 0x18, 0x14, 0x0a, 0x10, 0x2f, 0x6a, 0x69, 0x74, 0x2f, 0x73, 0x65, 0x74,
	0x74, 0x6c, 0x65, 0x6d, 0x65, 0x6e, 0x74, 0x73, 0x10, 0x02, 0x12, 0x83, 0x01, 0x0a, 0x0e, 0x4c,
	0x69, 0x73, 0x74, 0x4a, 0x49, 0x54, 0x4c, 0x65, 0x64, 0x67, 0x65, 0x72, 0x73, 0x12, 0x27, 0x2e,
	0x61, 0x6c, 0x70, 0x61, 0x63, 0x61, 0x2e, 0x62, 0x72, 0x6f, 0x6b, 0x65, 0x72, 0x2e, 0x76, 0x31,
	0x2e, 0x4c, 0x69, 0x73, 0x74, 0x4a, 0x49, 0x54, 0x4c, 0x65, 0x64, 0x67, 0x65, 0x72, 0x73, 0x52,
	0x65, 0x71, 0x75, 0x65, 0x73, 0x74, 0x1a, 0x28, 0x2e, 0x61, 0x6c, 0x70, 0x61, 0x63, 0x61, 0x2e,
	0x62, 0x72, 0x6f, 0x6b, 0x65, 0x72, 0x2e, 0x76, 0x31, 0x2e, 0x4c, 0x69, 0x73, 0x74, 0x4a, 0x49,
	0x54, 0x4c, 0x65, 0x64, 0x67, 0x65, 0x72, 0x73, 0x52, 0x65, 0x73, 0x70, 0x6f, 0x6e, 0x73, 0x65,
	0x22, 0x1e, 0x9a, 0xb5, 0x18, 0x1a, 0x0a, 0x16, 0x2f, 0x74, 0x72, 0x61, 0x6e, 0x73, 0x66, 0x65,
	0x72, 0x73, 0x2f, 0x6a, 0x69, 0x74, 0x2f, 0x6c, 0x65, 0x64, 0x67, 0x65, 0x72, 0x73, 0x10, 0x01,
	0x12, 0xaa, 0x01, 0x0a, 0x14, 0x47, 0x65, 0x74, 0x4a, 0x49, 0x54, 0x4c, 0x65, 0x64, 0x67, 0x65,
	0x72, 0x42, 0x61, 0x6c, 0x61, 0x6e, 0x63, 0x65, 0x73, 0x12, 0x2d, 0x2e, 0x61, 0x6c, 0x70, 0x61,
	0x63, 0x61, 0x2e, 0x62, 0x72, 0x6f, 0x6b, 0x65, 0x72, 0x2e, 0x76, 0x31, 0x2e, 0x47, 0x65, 0x74,
	0x4a, 0x49, 0x54, 0x4c, 0x65, 0x64, 0x67, 0x65, 0x72, 0x42, 0x61, 0x6c, 0x61, 0x6e, 0x63, 0x65,
	0x73, 0x52, 0x65, 0x71, 0x75, 0x65, 0x73, 0x74, 0x1a, 0x2e, 0x2e, 0x61, 0x6c, 0x70, 0x61, 0x63,
	0x61, 0x2e, 0x62, 0x72, 0x6f, 0x6b, 0x65, 0x72, 0x2e, 0x76, 0x31, 0x2e, 0x47, 0x65, 0x74, 0x4a,
	0x49, 0x54, 0x4c, 0x65, 0x64, 0x67, 0x65, 0x72, 0x42, 0x61, 0x6c, 0x61, 0x6e, 0x63, 0x65, 0x73,
	0x52, 0x65, 0x73, 0x70, 0x6f, 0x6e, 0x73, 0x65, 0x22, 0x33, 0x9a, 0xb5, 0x18, 0x2f, 0x0a, 0x2b,
	0x2f, 0x74, 0x72, 0x61, 0x6e, 0x73, 0x66, 0x65, 0x72, 0x73, 0x2f, 0x6a, 0x69, 0x74, 0x2f, 0x6c,
	0x65, 0x64, 0x67, 0x65, 0x72, 0x73, 0x2f, 0x7b, 0x6c, 0x65, 0x64, 0x67, 0x65, 0x72, 0x5f, 0x69,
	0x64, 0x7d, 0x2f, 0x62, 0x61, 0x6c, 0x61, 0x6e, 0x63, 0x65, 0x73, 0x10, 0x01, 0x12, 0x71, 0x0a,
	0x0c, 0x47, 0x65, 0x74, 0x4a, 0x49, 0x54, 0x4c, 0x69, 0x6d, 0x69, 0x74, 0x73, 0x12, 0x25, 0x2e,
	0x61, 0x6c, 0x70, 0x61, 0x63, 0x61, 0x2e, 0x62, 0x72, 0x6f, 0x6b, 0x65, 0x72, 0x2e, 0x76, 0x31,
	0x2e, 0x47, 0x65, 0x74, 0x4a, 0x49, 0x54, 0x4c, 0x69, 0x6d, 0x69, 0x74, 0x73, 0x52, 0x65, 0x71,
	0x75, 0x65, 0x73, 0x74, 0x1a, 0x1b, 0x2e, 0x61, 0x6c, 0x70, 0x61, 0x63, 0x61, 0x2e, 0x62, 0x72,
	0x6f, 0x6b, 0x65, 0x72, 0x2e, 0x76, 0x31, 0x2e, 0x4a, 0x49, 0x54, 0x4c, 0x69, 0x6d, 0x69, 0x74,
	0x73, 0x22, 0x1d, 0x9a, 0xb5, 0x18, 0x19, 0x0a, 0x15, 0x2f, 0x74, 0x72, 0x61, 0x6e, 0x73, 0x66,
	0x65, 0x72, 0x73, 0x2f, 0x6a, 0x69, 0x74, 0x2f, 0x6c, 0x69, 0x6d, 0x69, 0x74, 0x73, 0x10, 0x01,
	0x12, 0x89, 0x01, 0x0a, 0x12, 0x4c, 0x69, 0x73, 0x74, 0x49, 0x6e, 0x73, 0x74, 0x61, 0x6e, 0x74,
	0x46, 0x75, 0x6e, 0x64, 0x69, 0x6e, 0x67, 0x12, 0x2b, 0x2e, 0x61, 0x6c, 0x70, 0x61, 0x63, 0x61,
	0x2e, 0x62, 0x72, 0x6f, 0x6b, 0x65, 0x72, 0x2e, 0x76, 0x31, 0x2e, 0x4c, 0x69, 0x73, 0x74, 0x49,
	0x6e, 0x73, 0x74, 0x61, 0x6e, 0x74, 0x46, 0x75, 0x6e, 0x64, 0x69, 0x6e, 0x67, 0x52, 0x65, 0x71,
	0x75, 0x65, 0x73, 0x74, 0x1a, 0x2c, 0x2e, 0x61, 0x6c, 0x70, 0x61, 0x63, 0x61, 0x2e, 0x62, 0x72,
	0x6f, 0x6b, 0x65, 0x72, 0x2e, 0x76, 0x31, 0x2e, 0x4c, 0x69, 0x73, 0x74, 0x49, 0x6e, 0x73, 0x74,
	0x61, 0x6e, 0x74, 0x46, 0x75, 0x6e, 0x64, 0x69, 0x6e, 0x67, 0x52, 0x65, 0x73, 0x70, 0x6f, 0x6e,
	0x73, 0x65, 0x22, 0x18, 0x9a, 0xb5, 0x18, 0x14, 0x0a, 0x10, 0x2f, 0x69, 0x6e, 0x73, 0x74, 0x61,
	0x6e, 0x74, 0x5f, 0x66, 0x75, 0x6e, 0x64, 0x69, 0x6e, 0x67, 0x10, 0x01, 0x12, 0xa4, 0x01, 0x0a,
	0x14, 0x44, 0x65, 0x6c, 0x65, 0x74, 0x65, 0x49, 0x6e, 0x73, 0x74, 0x61, 0x6e, 0x74, 0x46, 0x75,
	0x6e, 0x64, 0x69, 0x6e, 0x67, 0x12, 0x2d, 0x2e, 0x61, 0x6c, 0x70, 0x61, 0x63, 0x61, 0x2e, 0x62,
	0x72, 0x6f, 0x6b, 0x65, 0x72, 0x2e, 0x76, 0x31, 0x2e, 0x44, 0x65, 0x6c, 0x65, 0x74, 0x65, 0x49,
	0x6e, 0x73, 0x74, 0x61, 0x6e, 0x74, 0x46, 0x75, 0x6e, 0x64, 0x69, 0x6e, 0x67, 0x52, 0x65, 0x71,
	0x75, 0x65, 0x73, 0x74, 0x1a, 0x2e, 0x2e, 0x61, 0x6c, 0x70, 0x61, 0x63, 0x61, 0x2e, 0x62, 0x72,
	0x6f, 0x6b, 0x65, 0x72, 0x2e, 0x76, 0x31, 0x2e, 0x44, 0x65, 0x6c, 0x65, 0x74, 0x65, 0x49, 0x6e,
	0x73, 0x74, 0x61, 0x6e, 0x74, 0x46, 0x75, 0x6e, 0x64, 0x69, 0x6e, 0x67, 0x52, 0x65, 0x73, 0x70,
	0x6f, 0x6e, 0x73, 0x65, 0x22, 0x2d, 0x9a, 0xb5, 0x18, 0x29, 0x0a, 0x25, 0x2f, 0x69, 0x6e, 0x73,
	0x74, 0x61, 0x6e, 0x74, 0x5f, 0x66, 0x75, 0x6e, 0x64, 0x69, 0x6e, 0x67, 0x2f, 0x7b, 0x69, 0x6e,
	0x73, 0x74, 0x61, 0x6e, 0x74, 0x5f, 0x66, 0x75, 0x6e, 0x64, 0x69, 0x6e, 0x67, 0x5f, 0x69, 0x64,
	0x7d, 0x10, 0x04, 0x12, 0xb6, 0x01, 0x0a, 0x1d, 0x4c, 0x69, 0x73, 0x74, 0x49, 0x6e, 0x73, 0x74,
	0x61, 0x6e, 0x74, 0x46, 0x75, 0x6e, 0x64, 0x69, 0x6e, 0x67, 0x53, 0x65, 0x74, 0x74, 0x6c, 0x65,
	0x6d, 0x65, 0x6e, 0x74, 0x73, 0x12, 0x36, 0x2e, 0x61, 0x6c, 0x70, 0x61, 0x63, 0x61, 0x2e, 0x62,
	0x72, 0x6f, 0x6b, 0x65, 0x72, 0x2e, 0x76, 0x31, 0x2e, 0x4c, 0x69, 0x73, 0x74, 0x49, 0x6e, 0x73,
	0x74, 0x61, 0x6e, 0x74, 0x46, 0x75, 0x6e, 0x64, 0x69, 0x6e, 0x67, 0x53, 0x65, 0x74, 0x74, 0x6c,
	0x65, 0x6d, 0x65, 0x6e, 0x74, 0x73, 0x52, 0x65, 0x71, 0x75, 0x65, 0x73, 0x74, 0x1a, 0x37, 0x2e,
	0x61, 0x6c, 0x70, 0x61, 0x63, 0x61, 0x2e, 0x62, 0x72, 0x6f, 0x6b, 0x65, 0x72, 0x2e, 0x76, 0x31,
	0x2e, 0x4c, 0x69, 0x73, 0x74, 0x49, 0x6e, 0x73, 0x74, 0x61, 0x6e, 0x74, 0x46, 0x75, 0x6e, 0x64,
	0x69, 0x6e, 0x67, 0x53, 0x65, 0x74, 0x74, 0x6c, 0x65, 0x6d, 0x65, 0x6e, 0x74, 0x73, 0x52, 0x65,
	0x73, 0x70, 0x6f, 0x6e, 0x73, 0x65, 0x22, 0x24, 0x9a, 0xb5, 0x18, 0x20, 0x0a, 0x1c, 0x2f, 0x69,
	0x6e, 0x73, 0x74, 0x61, 0x6e, 0x74, 0x5f, 0x66, 0x75, 0x6e, 0x64, 0x69, 0x6e, 0x67, 0x2f, 0x73,
	0x65, 0x74, 0x74, 0x6c, 0x65, 0x6d, 0x65, 0x6e, 0x74, 0x73, 0x10, 0x01, 0x12, 0xab, 0x01, 0x0a,
	0x1e, 0x43, 0x72, 0x65, 0x61, 0x74, 0x65, 0x49, 0x6e, 0x73, 0x74, 0x61, 0x6e, 0x74, 0x46, 0x75,
	0x6e, 0x64, 0x69, 0x6e, 0x67, 0x53, 0x65, 0x74, 0x74, 0x6c, 0x65, 0x6d, 0x65, 0x6e, 0x74, 0x12,
	0x37, 0x2e, 0x61, 0x6c, 0x70, 0x61, 0x63, 0x61, 0x2e, 0x62, 0x72, 0x6f, 0x6b, 0x65, 0x72, 0x2e,
	0x76, 0x31, 0x2e, 0x43, 0x72, 0x65, 0x61, 0x74, 0x65, 0x49, 0x6e, 0x73, 0x74, 0x61, 0x6e, 0x74,
	0x46, 0x75, 0x6e, 0x64, 0x69, 0x6e, 0x67, 0x53, 0x65, 0x74, 0x74, 0x6c, 0x65, 0x6d, 0x65, 0x6e,
	0x74, 0x52, 0x65, 0x71, 0x75, 0x65, 0x73, 0x74, 0x1a, 0x2a, 0x2e, 0x61, 0x6c, 0x70, 0x61, 0x63,
	0x61, 0x2e, 0x62, 0x72, 0x6f, 0x6b, 0x65, 0x72, 0x2e, 0x76, 0x31, 0x2e, 0x49, 0x6e, 0x73, 0x74,
	0x61, 0x6e, 0x74, 0x46, 0x75, 0x6e, 0x64, 0x69, 0x6e, 0x67, 0x53, 0x65, 0x74, 0x74, 0x6c, 0x65,
	0x6d, 0x65, 0x6e, 0x74, 0x22, 0x24, 0x9a, 0xb5, 0x18, 0x20, 0x0a, 0x1c, 0x2f, 0x69, 0x6e, 0x73,
	0x74, 0x61, 0x6e, 0x74, 0x5f, 0x66, 0x75, 0x6e, 0x64, 0x69, 0x6e, 0x67, 0x2f, 0x73, 0x65, 0x74,
	0x74, 0x6c, 0x65, 0x6d, 0x65, 0x6e, 0x74, 0x73, 0x10, 0x02, 0x12, 0x75, 0x0a, 0x0d, 0x4c, 0x69,
	0x73, 0x74, 0x46, 0x50, 0x53, 0x4c, 0x54, 0x69, 0x65, 0x72, 0x73, 0x12, 0x26, 0x2e, 0x61, 0x6c,
	0x70, 0x61, 0x63, 0x61, 0x2e, 0x62, 0x72, 0x6f, 0x6b, 0x65, 0x72, 0x2e, 0x76, 0x31, 0x2e, 0x4c,
	0x69, 0x73, 0x74, 0x46, 0x50, 0x53, 0x4c, 0x54, 0x69, 0x65, 0x72, 0x73, 0x52, 0x65, 0x71, 0x75,
	0x65, 0x73, 0x74, 0x1a, 0x27, 0x2e, 0x61, 0x6c, 0x70, 0x61, 0x63, 0x61, 0x2e, 0x62, 0x72, 0x6f,
	0x6b, 0x65, 0x72, 0x2e, 0x76, 0x31, 0x2e, 0x4c, 0x69, 0x73, 0x74, 0x46, 0x50, 0x53, 0x4c, 0x54,
	0x69, 0x65, 0x72, 0x73, 0x52, 0x65, 0x73, 0x70, 0x6f, 0x6e, 0x73, 0x65, 0x22, 0x13, 0x9a, 0xb5,
	0x18, 0x0f, 0x0a, 0x0b, 0x2f, 0x66, 0x70, 0x73, 0x6c, 0x2f, 0x74, 0x69, 0x65, 0x72, 0x73, 0x10,
	0x01, 0x12, 0x75, 0x0a, 0x0d, 0x4c, 0x69, 0x73, 0x74, 0x46, 0x50, 0x53, 0x4c, 0x4c, 0x6f, 0x61,
	0x6e, 0x73, 0x12, 0x26, 0x2e, 0x61, 0x6c, 0x70, 0x61, 0x63, 0x61, 0x2e, 0x62, 0x72, 0x6f, 0x6b,
	0x65, 0x72, 0x2e, 0x76, 0x31, 0x2e, 0x4c, 0x69, 0x73, 0x74, 0x46, 0x50, 0x53, 0x4c, 0x4c, 0x6f,
	0x61, 0x6e, 0x73, 0x52, 0x65, 0x71, 0x75, 0x65, 0x73, 0x74, 0x1a, 0x27, 0x2e, 0x61, 0x6c, 0x70,
	0x61, 0x63, 0x61, 0x2e, 0x62, 0x72, 0x6f, 0x6b, 0x65, 0x72, 0x2e, 0x76, 0x31, 0x2e, 0x4c, 0x69,
	0x73, 0x74, 0x46, 0x50, 0x53, 0x4c, 0x4c, 0x6f, 0x61, 0x6e, 0x73, 0x52, 0x65, 0x73, 0x70, 0x6f,
	0x6e, 0x73, 0x65, 0x22, 0x13, 0x9a, 0xb5, 0x18, 0x0f, 0x0a, 0x0b, 0x2f, 0x66, 0x70, 0x73, 0x6c,
	0x2f, 0x6c, 0x6f, 0x61, 0x6e, 0x73, 0x10, 0x01, 0x12, 0x71, 0x0a, 0x0c, 0x4c, 0x69, 0x73, 0x74,
	0x41, 0x50, 0x52, 0x54, 0x69, 0x65, 0x72, 0x73, 0x12, 0x25, 0x2e, 0x61, 0x6c, 0x70, 0x61, 0x63,
	0x61, 0x2e, 0x62, 0x72, 0x6f, 0x6b, 0x65, 0x72, 0x2e, 0x76, 0x31, 0x2e, 0x4c, 0x69, 0x73, 0x74,
	0x41, 0x50, 0x52, 0x54, 0x69, 0x65, 0x72, 0x73, 0x52, 0x65, 0x71, 0x75, 0x65, 0x73, 0x74, 0x1a,
	0x26, 0x2e, 0x61, 0x6c, 0x70, 0x61, 0x63, 0x61, 0x2e, 0x62, 0x72, 0x6f, 0x6b, 0x65, 0x72, 0x2e,
	0x76, 0x31, 0x2e, 0x4c, 0x69, 0x73, 0x74, 0x41, 0x50, 0x52, 0x54, 0x69, 0x65, 0x72, 0x73, 0x52,
	0x65, 0x73, 0x70, 0x6f, 0x6e, 0x73, 0x65, 0x22, 0x12, 0x9a, 0xb5, 0x18, 0x0e, 0x0a, 0x0a, 0x2f,
	0x61, 0x70, 0x72, 0x2f, 0x74, 0x69, 0x65, 0x72, 0x73, 0x10, 0x01, 0x12, 0x71, 0x0a, 0x10, 0x43,
	0x72, 0x65, 0x61, 0x74, 0x65, 0x4f, 0x41, 0x75, 0x74, 0x68, 0x54, 0x6f, 0x6b, 0x65, 0x6e, 0x12,
	0x29, 0x2e, 0x61, 0x6c, 0x70, 0x61, 0x63, 0x61, 0x2e, 0x62, 0x72, 0x6f, 0x6b, 0x65, 0x72, 0x2e,
	0x76, 0x31, 0x2e, 0x43, 0x72, 0x65, 0x61, 0x74, 0x65, 0x4f, 0x41, 0x75, 0x74, 0x68, 0x54, 0x6f,
	0x6b, 0x65, 0x6e, 0x52, 0x65, 0x71, 0x75, 0x65, 0x73, 0x74, 0x1a, 0x1c, 0x2e, 0x61, 0x6c, 0x70,
	0x61, 0x63, 0x61, 0x2e, 0x62, 0x72, 0x6f, 0x6b, 0x65, 0x72, 0x2e, 0x76, 0x31, 0x2e, 0x4f, 0x41,
	0x75, 0x74, 0x68, 0x54, 0x6f, 0x6b, 0x65, 0x6e, 0x22, 0x14, 0x9a, 0xb5, 0x18, 0x10, 0x0a, 0x0c,
	0x2f, 0x6f, 0x61, 0x75, 0x74, 0x68, 0x2f, 0x74, 0x6f, 0x6b, 0x65, 0x6e, 0x10, 0x02, 0x12, 0x7d,
	0x0a, 0x0e, 0x41, 0x75, 0x74, 0x68, 0x6f, 0x72, 0x69, 0x7a, 0x65, 0x4f, 0x41, 0x75, 0x74, 0x68,
	0x12, 0x27, 0x2e, 0x61, 0x6c, 0x70, 0x61, 0x63, 0x61, 0x2e, 0x62, 0x72, 0x6f, 0x6b, 0x65, 0x72,
	0x2e, 0x76, 0x31, 0x2e, 0x41, 0x75, 0x74, 0x68, 0x6f, 0x72, 0x69, 0x7a, 0x65, 0x4f, 0x41, 0x75,
	0x74, 0x68, 0x52, 0x65, 0x71, 0x75, 0x65, 0x73, 0x74, 0x1a, 0x28, 0x2e, 0x61, 0x6c, 0x70, 0x61,
	0x63, 0x61, 0x2e, 0x62, 0x72, 0x6f, 0x6b, 0x65, 0x72, 0x2e, 0x76, 0x31, 0x2e, 0x41, 0x75, 0x74,
	0x68, 0x6f, 0x72, 0x69, 0x7a, 0x65, 0x4f, 0x41, 0x75, 0x74, 0x68, 0x52, 0x65, 0x73, 0x70, 0x6f,
	0x6e, 0x73, 0x65, 0x22, 0x18, 0x9a, 0xb5, 0x18, 0x14, 0x0a, 0x10, 0x2f, 0x6f, 0x61, 0x75, 0x74,
	0x68, 0x2f, 0x61, 0x75, 0x74, 0x68, 0x6f, 0x72, 0x69, 0x7a, 0x65, 0x10, 0x01, 0x12, 0x7c, 0x0a,
	0x0e, 0x47, 0x65, 0x74, 0x4f, 0x41, 0x75, 0x74, 0x68, 0x43, 0x6c, 0x69, 0x65, 0x6e, 0x74, 0x12,
	0x27, 0x2e, 0x61, 0x6c, 0x70, 0x61, 0x63, 0x61, 0x2e, 0x62, 0x72, 0x6f, 0x6b, 0x65, 0x72, 0x2e,
	0x76, 0x31, 0x2e, 0x47, 0x65, 0x74, 0x4f, 0x41, 0x75, 0x74, 0x68, 0x43, 0x6c, 0x69, 0x65, 0x6e,
	0x74, 0x52, 0x65, 0x71, 0x75, 0x65, 0x73, 0x74, 0x1a, 0x1d, 0x2e, 0x61, 0x6c, 0x70, 0x61, 0x63,
	0x61, 0x2e, 0x62, 0x72, 0x6f, 0x6b, 0x65, 0x72, 0x2e, 0x76, 0x31, 0x2e, 0x4f, 0x41, 0x75, 0x74,
	0x68, 0x43, 0x6c, 0x69, 0x65, 0x6e, 0x74, 0x22, 0x22, 0x9a, 0xb5, 0x18, 0x1e, 0x0a, 0x1a, 0x2f,
	0x6f, 0x61, 0x75, 0x74, 0x68, 0x2f, 0x63, 0x6c, 0x69, 0x65, 0x6e, 0x74, 0x73, 0x2f, 0x7b, 0x63,
	0x6c, 0x69, 0x65, 0x6e, 0x74, 0x5f, 0x69, 0x64, 0x7d, 0x10, 0x01, 0x12, 0x76, 0x0a, 0x11, 0x43,
	0x72, 0x65, 0x61, 0x74, 0x65, 0x4f, 0x41, 0x75, 0x74, 0x68, 0x43, 0x6c, 0x69, 0x65, 0x6e, 0x74,
	0x12, 0x2a, 0x2e, 0x61, 0x6c, 0x70, 0x61, 0x63, 0x61, 0x2e, 0x62, 0x72, 0x6f, 0x6b, 0x65, 0x72,
	0x2e, 0x76, 0x31, 0x2e, 0x43, 0x72, 0x65, 0x61, 0x74, 0x65, 0x4f, 0x41, 0x75, 0x74, 0x68, 0x43,
	0x6c, 0x69, 0x65, 0x6e, 0x74, 0x52, 0x65, 0x71, 0x75, 0x65, 0x73, 0x74, 0x1a, 0x1d, 0x2e, 0x61,
	0x6c, 0x70, 0x61, 0x63, 0x61, 0x2e, 0x62, 0x72, 0x6f, 0x6b, 0x65, 0x72, 0x2e, 0x76, 0x31, 0x2e,
	0x4f, 0x41, 0x75, 0x74, 0x68, 0x43, 0x6c, 0x69, 0x65, 0x6e, 0x74, 0x22, 0x16, 0x9a, 0xb5, 0x18,
	0x12, 0x0a, 0x0e, 0x2f, 0x6f, 0x61, 0x75, 0x74, 0x68, 0x2f, 0x63, 0x6c, 0x69, 0x65, 0x6e, 0x74,
	0x73, 0x10, 0x02, 0x12, 0x82, 0x01, 0x0a, 0x11, 0x55, 0x70, 0x64, 0x61, 0x74, 0x65, 0x4f, 0x41,
	0x75, 0x74, 0x68, 0x43, 0x6c, 0x69, 0x65, 0x6e, 0x74, 0x12, 0x2a, 0x2e, 0x61, 0x6c, 0x70, 0x61,
	0x63, 0x61, 0x2e, 0x62, 0x72, 0x6f, 0x6b, 0x65, 0x72, 0x2e, 0x76, 0x31, 0x2e, 0x55, 0x70, 0x64,
	0x61, 0x74, 0x65, 0x4f, 0x41, 0x75, 0x74, 0x68, 0x43, 0x6c, 0x69, 0x65, 0x6e, 0x74, 0x52, 0x65,
	0x71, 0x75, 0x65, 0x73, 0x74, 0x1a, 0x1d, 0x2e, 0x61, 0x6c, 0x70, 0x61, 0x63, 0x61, 0x2e, 0x62,
	0x72, 0x6f, 0x6b, 0x65, 0x72, 0x2e, 0x76, 0x31, 0x2e, 0x4f, 0x41, 0x75, 0x74, 0x68, 0x43, 0x6c,
	0x69, 0x65, 0x6e, 0x74, 0x22, 0x22, 0x9a, 0xb5, 0x18, 0x1e, 0x0a, 0x1a, 0x2f, 0x6f, 0x61, 0x75,
	0x74, 0x68, 0x2f, 0x63, 0x6c, 0x69, 0x65, 0x6e, 0x74, 0x73, 0x2f, 0x7b, 0x63, 0x6c, 0x69, 0x65,
	0x6e, 0x74, 0x5f, 0x69, 0x64, 0x7d, 0x10, 0x05, 0x12, 0x90, 0x01, 0x0a, 0x11, 0x44, 0x65, 0x6c,
	0x65, 0x74, 0x65, 0x4f, 0x41, 0x75, 0x74, 0x68, 0x43, 0x6c, 0x69, 0x65, 0x6e, 0x74, 0x12, 0x2a,
	0x2e, 0x61, 0x6c, 0x70, 0x61, 0x63, 0x61, 0x2e, 0x62, 0x72, 0x6f, 0x6b, 0x65, 0x72, 0x2e, 0x76,
	0x31, 0x2e, 0x44, 0x65, 0x6c, 0x65, 0x74, 0x65, 0x4f, 0x41, 0x75, 0x74, 0x68, 0x43, 0x6c, 0x69,
	0x65, 0x6e, 0x74, 0x52, 0x65, 0x71, 0x75, 0x65, 0x73, 0x74, 0x1a, 0x2b, 0x2e, 0x61, 0x6c, 0x70,
	0x61, 0x63, 0x61, 0x2e, 0x62, 0x72, 0x6f, 0x6b, 0x65, 0x72, 0x2e, 0x76, 0x31, 0x2e, 0x44, 0x65,
	0x6c, 0x65, 0x74, 0x65, 0x4f, 0x41, 0x75, 0x74, 0x68, 0x43, 0x6c, 0x69, 0x65, 0x6e, 0x74, 0x52,
	0x65, 0x73, 0x70, 0x6f, 0x6e, 0x73, 0x65, 0x22, 0x22, 0x9a, 0xb5, 0x18, 0x1e, 0x0a, 0x1a, 0x2f,
	0x6f, 0x61, 0x75, 0x74, 0x68, 0x2f, 0x63, 0x6c, 0x69, 0x65, 0x6e, 0x74, 0x73, 0x2f, 0x7b, 0x63,
	0x6c, 0x69, 0x65, 0x6e, 0x74, 0x5f, 0x69, 0x64, 0x7d, 0x10, 0x04, 0x12, 0xb3, 0x01, 0x0a, 0x18,
	0x52, 0x65, 0x76, 0x6f, 0x6b, 0x65, 0x4f, 0x41, 0x75, 0x74, 0x68, 0x41, 0x75, 0x74, 0x68, 0x6f,
	0x72, 0x69, 0x7a, 0x61, 0x74, 0x69, 0x6f, 0x6e, 0x12, 0x31, 0x2e, 0x61, 0x6c, 0x70, 0x61, 0x63,
	0x61, 0x2e, 0x62, 0x72, 0x6f, 0x6b, 0x65, 0x72, 0x2e, 0x76, 0x31, 0x2e, 0x52, 0x65, 0x76, 0x6f,
	0x6b, 0x65, 0x4f, 0x41, 0x75, 0x74, 0x68, 0x41, 0x75, 0x74, 0x68, 0x6f, 0x72, 0x69, 0x7a, 0x61,
	0x74, 0x69, 0x6f, 0x6e, 0x52, 0x65, 0x71, 0x75, 0x65, 0x73, 0x74, 0x1a, 0x32, 0x2e, 0x61, 0x6c,
	0x70, 0x61, 0x63, 0x61, 0x2e, 0x62, 0x72, 0x6f, 0x6b, 0x65, 0x72, 0x2e, 0x76, 0x31, 0x2e, 0x52,
	0x65, 0x76, 0x6f, 0x6b, 0x65, 0x4f, 0x41, 0x75, 0x74, 0x68, 0x41, 0x75, 0x74, 0x68, 0x6f, 0x72,
	0x69, 0x7a, 0x61, 0x74, 0x69, 0x6f, 0x6e, 0x52, 0x65, 0x73, 0x70, 0x6f, 0x6e, 0x73, 0x65, 0x22,
	0x30, 0x9a, 0xb5, 0x18, 0x2c, 0x0a, 0x28, 0x2f, 0x6f, 0x61, 0x75, 0x74, 0x68, 0x2f, 0x61, 0x75,
	0x74, 0x68, 0x6f, 0x72, 0x69, 0x7a, 0x61, 0x74, 0x69, 0x6f, 0x6e, 0x73, 0x2f, 0x7b, 0x61, 0x75,
	0x74, 0x68, 0x6f, 0x72, 0x69, 0x7a, 0x61, 0x74, 0x69, 0x6f, 0x6e, 0x5f, 0x69, 0x64, 0x7d, 0x10,
	0x04, 0x12, 0x92, 0x01, 0x0a, 0x16, 0x53, 0x75, 0x62, 0x73, 0x63, 0x72, 0x69, 0x62, 0x65, 0x41,
	0x63, 0x63, 0x6f, 0x75, 0x6e, 0x74, 0x45, 0x76, 0x65, 0x6e, 0x74, 0x73, 0x12, 0x2f, 0x2e, 0x61,
	0x6c, 0x70, 0x61, 0x63, 0x61, 0x2e, 0x62, 0x72, 0x6f, 0x6b, 0x65, 0x72, 0x2e, 0x76, 0x31, 0x2e,
	0x53, 0x75, 0x62, 0x73, 0x63, 0x72, 0x69, 0x62, 0x65, 0x41, 0x63, 0x63, 0x6f, 0x75, 0x6e, 0x74,
	0x45, 0x76, 0x65, 0x6e, 0x74, 0x73, 0x52, 0x65, 0x71, 0x75, 0x65, 0x73, 0x74, 0x1a, 0x26, 0x2e,
	0x61, 0x6c, 0x70, 0x61, 0x63, 0x61, 0x2e, 0x62, 0x72, 0x6f, 0x6b, 0x65, 0x72, 0x2e, 0x76, 0x31,
	0x2e, 0x53, 0x75, 0x62, 0x73, 0x63, 0x72, 0x69, 0x62, 0x65, 0x53, 0x53, 0x45, 0x52, 0x65, 0x73,
	0x70, 0x6f, 0x6e, 0x73, 0x65, 0x22, 0x1f, 0x9a, 0xb5, 0x18, 0x1b, 0x0a, 0x17, 0x2f, 0x65, 0x76,
	0x65, 0x6e, 0x74, 0x73, 0x2f, 0x61, 0x63, 0x63, 0x6f, 0x75, 0x6e, 0x74, 0x73, 0x2f, 0x73, 0x74,
	0x61, 0x74, 0x75, 0x73, 0x10, 0x01, 0x12, 0x88, 0x01, 0x0a, 0x14, 0x53, 0x75, 0x62, 0x73, 0x63,
	0x72, 0x69, 0x62, 0x65, 0x54, 0x72, 0x61, 0x64, 0x65, 0x45, 0x76, 0x65, 0x6e, 0x74, 0x73, 0x12,
	0x2d, 0x2e, 0x61, 0x6c, 0x70, 0x61, 0x63, 0x61, 0x2e, 0x62, 0x72, 0x6f, 0x6b, 0x65, 0x72, 0x2e,
	0x76, 0x31, 0x2e, 0x53, 0x75, 0x62, 0x73, 0x63, 0x72, 0x69, 0x62, 0x65, 0x54, 0x72, 0x61, 0x64,
	0x65, 0x45, 0x76, 0x65, 0x6e, 0x74, 0x73, 0x52, 0x65, 0x71, 0x75, 0x65, 0x73, 0x74, 0x1a, 0x26,
	0x2e, 0x61, 0x6c, 0x70, 0x61, 0x63, 0x61, 0x2e, 0x62, 0x72, 0x6f, 0x6b, 0x65, 0x72, 0x2e, 0x76,
	0x31, 0x2e, 0x53, 0x75, 0x62, 0x73, 0x63, 0x72, 0x69, 0x62, 0x65, 0x53, 0x53, 0x45, 0x52, 0x65,
	0x73, 0x70, 0x6f, 0x6e, 0x73, 0x65, 0x22, 0x19, 0x9a, 0xb5, 0x18, 0x12, 0x0a, 0x0e, 0x2f, 0x65,
	0x76, 0x65, 0x6e, 0x74, 0x73, 0x2f, 0x74, 0x72, 0x61, 0x64, 0x65, 0x73, 0x10, 0x01, 0x88, 0x02,
	0x01, 0x12, 0x98, 0x01, 0x0a, 0x17, 0x53, 0x75, 0x62, 0x73, 0x63, 0x72, 0x69, 0x62, 0x65, 0x54,
	0x72, 0x61, 0x6e, 0x73, 0x66, 0x65, 0x72, 0x45, 0x76, 0x65, 0x6e, 0x74, 0x73, 0x12, 0x30, 0x2e,
	0x61, 0x6c, 0x70, 0x61, 0x63, 0x61, 0x2e, 0x62, 0x72, 0x6f, 0x6b, 0x65, 0x72, 0x2e, 0x76, 0x31,
	0x2e, 0x53, 0x75, 0x62, 0x73, 0x63, 0x72, 0x69, 0x62, 0x65, 0x54, 0x72, 0x61, 0x6e, 0x73, 0x66,
	0x65, 0x72, 0x45, 0x76, 0x65, 0x6e, 0x74, 0x73, 0x52, 0x65, 0x71, 0x75, 0x65, 0x73, 0x74, 0x1a,
	0x26, 0x2e, 0x61, 0x6c, 0x70, 0x61, 0x63, 0x61, 0x2e, 0x62, 0x72, 0x6f, 0x6b, 0x65, 0x72, 0x2e,
	0x76, 0x31, 0x2e, 0x53, 0x75, 0x62, 0x73, 0x63, 0x72, 0x69, 0x62, 0x65, 0x53, 0x53, 0x45, 0x52,
	0x65, 0x73, 0x70, 0x6f, 0x6e, 0x73, 0x65, 0x22, 0x23, 0x9a, 0xb5, 0x18, 0x1c, 0x0a, 0x18, 0x2f,
	0x65, 0x76, 0x65, 0x6e, 0x74, 0x73, 0x2f, 0x74, 0x72, 0x61, 0x6e, 0x73, 0x66, 0x65, 0x72, 0x73,
	0x2f, 0x73, 0x74, 0x61, 0x74, 0x75, 0x73, 0x10, 0x01, 0x88, 0x02, 0x01, 0x12, 0x92, 0x01, 0x0a,
	0x16, 0x53, 0x75, 0x62, 0x73, 0x63, 0x72, 0x69, 0x62, 0x65, 0x4a, 0x6f, 0x75, 0x72, 0x6e, 0x61,
	0x6c, 0x45, 0x76, 0x65, 0x6e, 0x74, 0x73, 0x12, 0x2f, 0x2e, 0x61, 0x6c, 0x70, 0x61, 0x63, 0x61,
	0x2e, 0x62, 0x72, 0x6f, 0x6b, 0x65, 0x72, 0x2e, 0x76, 0x31, 0x2e, 0x53, 0x75, 0x62, 0x73, 0x63,
	0x72, 0x69, 0x62, 0x65, 0x4a, 0x6f, 0x75, 0x72, 0x6e, 0x61, 0x6c, 0x45, 0x76, 0x65, 0x6e, 0x74,
	0x73, 0x52, 0x65, 0x71, 0x75, 0x65, 0x73, 0x74, 0x1a, 0x26, 0x2e, 0x61, 0x6c, 0x70, 0x61, 0x63,
	0x61, 0x2e, 0x62, 0x72, 0x6f, 0x6b, 0x65, 0x72, 0x2e, 0x76, 0x31, 0x2e, 0x53, 0x75, 0x62, 0x73,
	0x63, 0x72, 0x69, 0x62, 0x65, 0x53, 0x53, 0x45, 0x52, 0x65, 0x73, 0x70, 0x6f, 0x6e, 0x73, 0x65,
	0x22, 0x1f, 0x9a, 0xb5, 0x18, 0x1b, 0x0a, 0x17, 0x2f, 0x65, 0x76, 0x65, 0x6e, 0x74, 0x73, 0x2f,
	0x6a, 0x6f, 0x75, 0x72, 0x6e, 0x61, 0x6c, 0x73, 0x2f, 0x73, 0x74, 0x61, 0x74, 0x75, 0x73, 0x10,
	0x01, 0x12, 0x7e, 0x0a, 0x12, 0x53, 0x75, 0x62, 0x73, 0x63, 0x72, 0x69, 0x62, 0x65, 0x4e, 0x54,
	0x41, 0x45, 0x76, 0x65, 0x6e, 0x74, 0x73, 0x12, 0x2b, 0x2e, 0x61, 0x6c, 0x70, 0x61, 0x63, 0x61,
	0x2e, 0x62, 0x72, 0x6f, 0x6b, 0x65, 0x72, 0x2e, 0x76, 0x31, 0x2e, 0x53, 0x75, 0x62, 0x73, 0x63,
	0x72, 0x69, 0x62, 0x65, 0x4e, 0x54, 0x41, 0x45, 0x76, 0x65, 0x6e, 0x74, 0x73, 0x52, 0x65, 0x71,
	0x75, 0x65, 0x73, 0x74, 0x1a, 0x26, 0x2e, 0x61, 0x6c, 0x70, 0x61, 0x63, 0x61, 0x2e, 0x62, 0x72,
	0x6f, 0x6b, 0x65, 0x72, 0x2e, 0x76, 0x31, 0x2e, 0x53, 0x75, 0x62, 0x73, 0x63, 0x72, 0x69, 0x62,
	0x65, 0x53, 0x53, 0x45, 0x52, 0x65, 0x73, 0x70, 0x6f, 0x6e, 0x73, 0x65, 0x22, 0x13, 0x9a, 0xb5,
	0x18, 0x0f, 0x0a, 0x0b, 0x2f, 0x65, 0x76, 0x65, 0x6e, 0x74, 0x73, 0x2f, 0x6e, 0x74, 0x61, 0x10,
	0x01, 0x12, 0x70, 0x0a, 0x0a, 0x47, 0x65, 0x74, 0x43, 0x49, 0x50, 0x49, 0x6e, 0x66, 0x6f, 0x12,
	0x23, 0x2e, 0x61, 0x6c, 0x70, 0x61, 0x63, 0x61, 0x2e, 0x62, 0x72, 0x6f, 0x6b, 0x65, 0x72, 0x2e,
	0x76, 0x31, 0x2e, 0x47, 0x65, 0x74, 0x43, 0x49, 0x50, 0x49, 0x6e, 0x66, 0x6f, 0x52, 0x65, 0x71,
	0x75, 0x65, 0x73, 0x74, 0x1a, 0x19, 0x2e, 0x61, 0x6c, 0x70, 0x61, 0x63, 0x61, 0x2e, 0x62, 0x72,
	0x6f, 0x6b, 0x65, 0x72, 0x2e, 0x76, 0x31, 0x2e, 0x43, 0x49, 0x50, 0x49, 0x6e, 0x66, 0x6f, 0x22,
	0x22, 0x9a, 0xb5, 0x18, 0x1e, 0x0a, 0x1a, 0x2f, 0x61, 0x63, 0x63, 0x6f, 0x75, 0x6e, 0x74, 0x73,
	0x2f, 0x7b, 0x61, 0x63, 0x63, 0x6f, 0x75, 0x6e, 0x74, 0x5f, 0x69, 0x64, 0x7d, 0x2f, 0x63, 0x69,
	0x70, 0x10, 0x01, 0x12, 0x76, 0x0a, 0x0d, 0x55, 0x70, 0x64, 0x61, 0x74, 0x65, 0x43, 0x49, 0x50,
	0x49, 0x6e, 0x66, 0x6f, 0x12, 0x26, 0x2e, 0x61, 0x6c, 0x70, 0x61, 0x63, 0x61, 0x2e, 0x62, 0x72,
	0x6f, 0x6b, 0x65, 0x72, 0x2e, 0x76, 0x31, 0x2e, 0x55, 0x70, 0x64, 0x61, 0x74, 0x65, 0x43, 0x49,
	0x50, 0x49, 0x6e, 0x66, 0x6f, 0x52, 0x65, 0x71, 0x75, 0x65, 0x73, 0x74, 0x1a, 0x19, 0x2e, 0x61,
	0x6c, 0x70, 0x61, 0x63, 0x61, 0x2e, 0x62, 0x72, 0x6f, 0x6b, 0x65, 0x72, 0x2e, 0x76, 0x31, 0x2e,
	0x43, 0x49, 0x50, 0x49, 0x6e, 0x66, 0x6f, 0x22, 0x22, 0x9a, 0xb5, 0x18, 0x1e, 0x0a, 0x1a, 0x2f,
	0x61, 0x63, 0x63, 0x6f, 0x75, 0x6e, 0x74, 0x73, 0x2f, 0x7b, 0x61, 0x63, 0x63, 0x6f, 0x75, 0x6e,
	0x74, 0x5f, 0x69, 0x64, 0x7d, 0x2f, 0x63, 0x69, 0x70, 0x10, 0x05, 0x12, 0x9c, 0x01, 0x0a, 0x15,
	0x43, 0x72, 0x65, 0x61, 0x74, 0x65, 0x4f, 0x6e, 0x66, 0x69, 0x64, 0x6f, 0x41, 0x70, 0x70, 0x6c,
	0x69, 0x63, 0x61, 0x6e, 0x74, 0x12, 0x2e, 0x2e, 0x61, 0x6c, 0x70, 0x61, 0x63, 0x61, 0x2e, 0x62,
	0x72, 0x6f, 0x6b, 0x65, 0x72, 0x2e, 0x76, 0x31, 0x2e, 0x43, 0x72, 0x65, 0x61, 0x74, 0x65, 0x4f,
	0x6e, 0x66, 0x69, 0x64, 0x6f, 0x41, 0x70, 0x70, 0x6c, 0x69, 0x63, 0x61, 0x6e, 0x74, 0x52, 0x65,
	0x71, 0x75, 0x65, 0x73, 0x74, 0x1a, 0x21, 0x2e, 0x61, 0x6c, 0x70, 0x61, 0x63, 0x61, 0x2e, 0x62,
	0x72, 0x6f, 0x6b, 0x65, 0x72, 0x2e, 0x76, 0x31, 0x2e, 0x4f, 0x6e, 0x66, 0x69, 0x64, 0x6f, 0x41,
	0x70, 0x70, 0x6c, 0x69, 0x63, 0x61, 0x6e, 0x74, 0x22, 0x30, 0x9a, 0xb5, 0x18, 0x2c, 0x0a, 0x28,
	0x2f, 0x61, 0x63, 0x63, 0x6f, 0x75, 0x6e, 0x74, 0x73, 0x2f, 0x7b, 0x61, 0x63, 0x63, 0x6f, 0x75,
	0x6e, 0x74, 0x5f, 0x69, 0x64, 0x7d, 0x2f, 0x6f, 0x6e, 0x66, 0x69, 0x64, 0x6f, 0x2f, 0x61, 0x70,
	0x70, 0x6c, 0x69, 0x63, 0x61, 0x6e, 0x74, 0x73, 0x10, 0x02, 0x12, 0x96, 0x01, 0x0a, 0x12, 0x47,
	0x65, 0x74, 0x4f, 0x6e, 0x66, 0x69, 0x64, 0x6f, 0x41, 0x70, 0x70, 0x6c, 0x69, 0x63, 0x61, 0x6e,
	0x74, 0x12, 0x2b, 0x2e, 0x61, 0x6c, 0x70, 0x61, 0x63, 0x61, 0x2e, 0x62, 0x72, 0x6f, 0x6b, 0x65,
	0x72, 0x2e, 0x76, 0x31, 0x2e, 0x47, 0x65, 0x74, 0x4f, 0x6e, 0x66, 0x69, 0x64, 0x6f, 0x41, 0x70,
	0x70, 0x6c, 0x69, 0x63, 0x61, 0x6e, 0x74, 0x52, 0x65, 0x71, 0x75, 0x65, 0x73, 0x74, 0x1a, 0x21,
	0x2e, 0x61, 0x6c, 0x70, 0x61, 0x63, 0x61, 0x2e, 0x62, 0x72, 0x6f, 0x6b, 0x65, 0x72, 0x2e, 0x76,
	0x31, 0x2e, 0x4f, 0x6e, 0x66, 0x69, 0x64, 0x6f, 0x41, 0x70, 0x70, 0x6c, 0x69, 0x63, 0x61, 0x6e,
	0x74, 0x22, 0x30, 0x9a, 0xb5, 0x18, 0x2c, 0x0a, 0x28, 0x2f, 0x61, 0x63, 0x63, 0x6f, 0x75, 0x6e,
	0x74, 0x73, 0x2f, 0x7b, 0x61, 0x63, 0x63, 0x6f, 0x75, 0x6e, 0x74, 0x5f, 0x69, 0x64, 0x7d, 0x2f,
	0x6f, 0x6e, 0x66, 0x69, 0x64, 0x6f, 0x2f, 0x61, 0x70, 0x70, 0x6c, 0x69, 0x63, 0x61, 0x6e, 0x74,
	0x73, 0x10, 0x01, 0x12, 0x9d, 0x01, 0x0a, 0x16, 0x47, 0x65, 0x6e, 0x65, 0x72, 0x61, 0x74, 0x65,
	0x4f, 0x6e, 0x66, 0x69, 0x64, 0x6f, 0x53, 0x44, 0x4b, 0x54, 0x6f, 0x6b, 0x65, 0x6e, 0x12, 0x2f,
	0x2e, 0x61, 0x6c, 0x70, 0x61, 0x63, 0x61, 0x2e, 0x62, 0x72, 0x6f, 0x6b, 0x65, 0x72, 0x2e, 0x76,
	0x31, 0x2e, 0x47, 0x65, 0x6e, 0x65, 0x72, 0x61, 0x74, 0x65, 0x4f, 0x6e, 0x66, 0x69, 0x64, 0x6f,
	0x53, 0x44, 0x4b, 0x54, 0x6f, 0x6b, 0x65, 0x6e, 0x52, 0x65, 0x71, 0x75, 0x65, 0x73, 0x74, 0x1a,
	0x20, 0x2e, 0x61, 0x6c, 0x70, 0x61, 0x63, 0x61, 0x2e, 0x62, 0x72, 0x6f, 0x6b, 0x65, 0x72, 0x2e,
	0x76, 0x31, 0x2e, 0x4f, 0x6e, 0x66, 0x69, 0x64, 0x6f, 0x53, 0x44, 0x4b, 0x54, 0x6f, 0x6b, 0x65,
	0x6e, 0x22, 0x30, 0x9a, 0xb5, 0x18, 0x2c, 0x0a, 0x28, 0x2f, 0x61, 0x63, 0x63, 0x6f, 0x75, 0x6e,
	0x74, 0x73, 0x2f, 0x7b, 0x61, 0x63, 0x63, 0x6f, 0x75, 0x6e, 0x74, 0x5f, 0x69, 0x64, 0x7d, 0x2f,
	0x6f, 0x6e, 0x66, 0x69, 0x64, 0x6f, 0x2f, 0x73, 0x64, 0x6b, 0x5f, 0x74, 0x6f, 0x6b, 0x65, 0x6e,
	0x73, 0x10, 0x02, 0x12, 0x8c, 0x01, 0x0a, 0x11, 0x43, 0x72, 0x65, 0x61, 0x74, 0x65, 0x4f, 0x6e,
	0x66, 0x69, 0x64, 0x6f, 0x43, 0x68, 0x65, 0x63, 0x6b, 0x12, 0x2a, 0x2e, 0x61, 0x6c, 0x70, 0x61,
	0x63, 0x61, 0x2e, 0x62, 0x72, 0x6f, 0x6b, 0x65, 0x72, 0x2e, 0x76, 0x31, 0x2e, 0x43, 0x72, 0x65,
	0x61, 0x74, 0x65, 0x4f, 0x6e, 0x66, 0x69, 0x64, 0x6f, 0x43, 0x68, 0x65, 0x63, 0x6b, 0x52, 0x65,
	0x71, 0x75, 0x65, 0x73, 0x74, 0x1a, 0x1d, 0x2e, 0x61, 0x6c, 0x70, 0x61, 0x63, 0x61, 0x2e, 0x62,
	0x72, 0x6f, 0x6b, 0x65, 0x72, 0x2e, 0x76, 0x31, 0x2e, 0x4f, 0x6e, 0x66, 0x69, 0x64, 0x6f, 0x43,
	0x68, 0x65, 0x63, 0x6b, 0x22, 0x2c, 0x9a, 0xb5, 0x18, 0x28, 0x0a, 0x24, 0x2f, 0x61, 0x63, 0x63,
	0x6f, 0x75, 0x6e, 0x74, 0x73, 0x2f, 0x7b, 0x61, 0x63, 0x63, 0x6f, 0x75, 0x6e, 0x74, 0x5f, 0x69,
	0x64, 0x7d, 0x2f, 0x6f, 0x6e, 0x66, 0x69, 0x64, 0x6f, 0x2f, 0x63, 0x68, 0x65, 0x63, 0x6b, 0x73,
	0x10, 0x02, 0x12, 0x91, 0x01, 0x0a, 0x0e, 0x47, 0x65, 0x74, 0x4f, 0x6e, 0x66, 0x69, 0x64, 0x6f,
	0x43, 0x68, 0x65, 0x63, 0x6b, 0x12, 0x27, 0x2e, 0x61, 0x6c, 0x70, 0x61, 0x63, 0x61, 0x2e, 0x62,
	0x72, 0x6f, 0x6b, 0x65, 0x72, 0x2e, 0x76, 0x31, 0x2e, 0x47, 0x65, 0x74, 0x4f, 0x6e, 0x66, 0x69,
	0x64, 0x6f, 0x43, 0x68, 0x65, 0x63, 0x6b, 0x52, 0x65, 0x71, 0x75, 0x65, 0x73, 0x74, 0x1a, 0x1d,
	0x2e, 0x61, 0x6c, 0x70, 0x61, 0x63, 0x61, 0x2e, 0x62, 0x72, 0x6f, 0x6b, 0x65, 0x72, 0x2e, 0x76,
	0x31, 0x2e, 0x4f, 0x6e, 0x66, 0x69, 0x64, 0x6f, 0x43, 0x68, 0x65, 0x63, 0x6b, 0x22, 0x37, 0x9a,
	0xb5, 0x18, 0x33, 0x0a, 0x2f, 0x2f, 0x61, 0x63, 0x63, 0x6f, 0x75, 0x6e, 0x74, 0x73, 0x2f, 0x7b,
	0x61, 0x63, 0x63, 0x6f, 0x75, 0x6e, 0x74, 0x5f, 0x69, 0x64, 0x7d, 0x2f, 0x6f, 0x6e, 0x66, 0x69,
	0x64, 0x6f, 0x2f, 0x63, 0x68, 0x65, 0x63, 0x6b, 0x73, 0x2f, 0x7b, 0x63, 0x68, 0x65, 0x63, 0x6b,
	0x5f, 0x69, 0x64, 0x7d, 0x10, 0x01, 0x12, 0x97, 0x01, 0x0a, 0x10, 0x4c, 0x69, 0x73, 0x74, 0x4f,
	0x6e, 0x66, 0x69, 0x64, 0x6f, 0x43, 0x68, 0x65, 0x63, 0x6b, 0x73, 0x12, 0x29, 0x2e, 0x61, 0x6c,
	0x70, 0x61, 0x63, 0x61, 0x2e, 0x62, 0x72, 0x6f, 0x6b, 0x65, 0x72, 0x2e, 0x76, 0x31, 0x2e, 0x4c,
	0x69, 0x73, 0x74, 0x4f, 0x6e, 0x66, 0x69, 0x64, 0x6f, 0x43, 0x68, 0x65, 0x63, 0x6b, 0x73, 0x52,
	0x65, 0x71, 0x75, 0x65, 0x73, 0x74, 0x1a, 0x2a, 0x2e, 0x61, 0x6c, 0x70, 0x61, 0x63, 0x61, 0x2e,
	0x62, 0x72, 0x6f, 0x6b, 0x65, 0x72, 0x2e, 0x76, 0x31, 0x2e, 0x4c, 0x69, 0x73, 0x74, 0x4f, 0x6e,
	0x66, 0x69, 0x64, 0x6f, 0x43, 0x68, 0x65, 0x63, 0x6b, 0x73, 0x52, 0x65, 0x73, 0x70, 0x6f, 0x6e,
	0x73, 0x65, 0x22, 0x2c, 0x9a, 0xb5, 0x18, 0x28, 0x0a, 0x24, 0x2f, 0x61, 0x63, 0x63, 0x6f, 0x75,
	0x6e, 0x74, 0x73, 0x2f, 0x7b, 0x61, 0x63, 0x63, 0x6f, 0x75, 0x6e, 0x74, 0x5f, 0x69, 0x64, 0x7d,
	0x2f, 0x6f, 0x6e, 0x66, 0x69, 0x64, 0x6f, 0x2f, 0x63, 0x68, 0x65, 0x63, 0x6b, 0x73, 0x10, 0x01,
	0x12, 0x98, 0x01, 0x0a, 0x14, 0x55, 0x70, 0x6c, 0x6f, 0x61, 0x64, 0x4f, 0x6e, 0x66, 0x69, 0x64,
	0x6f, 0x44, 0x6f, 0x63, 0x75, 0x6d, 0x65, 0x6e, 0x74, 0x12, 0x2d, 0x2e, 0x61, 0x6c, 0x70, 0x61,
	0x63, 0x61, 0x2e, 0x62, 0x72, 0x6f, 0x6b, 0x65, 0x72, 0x2e, 0x76, 0x31, 0x2e, 0x55, 0x70, 0x6c,
	0x6f, 0x61, 0x64, 0x4f, 0x6e, 0x66, 0x69, 0x64, 0x6f, 0x44, 0x6f, 0x63, 0x75, 0x6d, 0x65, 0x6e,
	0x74, 0x52, 0x65, 0x71, 0x75, 0x65, 0x73, 0x74, 0x1a, 0x20, 0x2e, 0x61, 0x6c, 0x70, 0x61, 0x63,
	0x61, 0x2e, 0x62, 0x72, 0x6f, 0x6b, 0x65, 0x72, 0x2e, 0x76, 0x31, 0x2e, 0x4f, 0x6e, 0x66, 0x69,
	0x64, 0x6f, 0x44, 0x6f, 0x63, 0x75, 0x6d, 0x65, 0x6e, 0x74, 0x22, 0x2f, 0x9a, 0xb5, 0x18, 0x2b,
	0x0a, 0x27, 0x2f, 0x61, 0x63, 0x63, 0x6f, 0x75, 0x6e, 0x74, 0x73, 0x2f, 0x7b, 0x61, 0x63, 0x63,
	0x6f, 0x75, 0x6e, 0x74, 0x5f, 0x69, 0x64, 0x7d, 0x2f, 0x6f, 0x6e, 0x66, 0x69, 0x64, 0x6f, 0x2f,
	0x64, 0x6f, 0x63, 0x75, 0x6d, 0x65, 0x6e, 0x74, 0x73, 0x10, 0x02, 0x12, 0x8c, 0x01, 0x0a, 0x11,
	0x55, 0x70, 0x6c, 0x6f, 0x61, 0x64, 0x4f, 0x6e, 0x66, 0x69, 0x64, 0x6f, 0x50, 0x68, 0x6f, 0x74,
	0x6f, 0x12, 0x2a, 0x2e, 0x61, 0x6c, 0x70, 0x61, 0x63, 0x61, 0x2e, 0x62, 0x72, 0x6f, 0x6b, 0x65,
	0x72, 0x2e, 0x76, 0x31, 0x2e, 0x55, 0x70, 0x6c, 0x6f, 0x61, 0x64, 0x4f, 0x6e, 0x66, 0x69, 0x64,
	0x6f, 0x50, 0x68, 0x6f, 0x74, 0x6f, 0x52, 0x65, 0x71, 0x75, 0x65, 0x73, 0x74, 0x1a, 0x1d, 0x2e,
	0x61, 0x6c, 0x70, 0x61, 0x63, 0x61, 0x2e, 0x62, 0x72, 0x6f, 0x6b, 0x65, 0x72, 0x2e, 0x76, 0x31,
	0x2e, 0x4f, 0x6e, 0x66, 0x69, 0x64, 0x6f, 0x50, 0x68, 0x6f, 0x74, 0x6f, 0x22, 0x2c, 0x9a, 0xb5,
	0x18, 0x28, 0x0a, 0x24, 0x2f, 0x61, 0x63, 0x63, 0x6f, 0x75, 0x6e, 0x74, 0x73, 0x2f, 0x7b, 0x61,
	0x63, 0x63, 0x6f, 0x75, 0x6e, 0x74, 0x5f, 0x69, 0x64, 0x7d, 0x2f, 0x6f, 0x6e, 0x66, 0x69, 0x64,
	0x6f, 0x2f, 0x70, 0x68, 0x6f, 0x74, 0x6f, 0x73, 0x10, 0x02, 0x12, 0x7f, 0x0a, 0x11, 0x47, 0x65,
	0x74, 0x4d, 0x61, 0x72, 0x6b, 0x65, 0x74, 0x43, 0x61, 0x6c, 0x65, 0x6e, 0x64, 0x61, 0x72, 0x12,
	0x2a, 0x2e, 0x61, 0x6c, 0x70, 0x61, 0x63, 0x61, 0x2e, 0x62, 0x72, 0x6f, 0x6b, 0x65, 0x72, 0x2e,
	0x76, 0x31, 0x2e, 0x47, 0x65, 0x74, 0x4d, 0x61, 0x72, 0x6b, 0x65, 0x74, 0x43, 0x61, 0x6c, 0x65,
	0x6e, 0x64, 0x61, 0x72, 0x52, 0x65, 0x71, 0x75, 0x65, 0x73, 0x74, 0x1a, 0x2b, 0x2e, 0x61, 0x6c,
	0x70, 0x61, 0x63, 0x61, 0x2e, 0x62, 0x72, 0x6f, 0x6b, 0x65, 0x72, 0x2e, 0x76, 0x31, 0x2e, 0x47,
	0x65, 0x74, 0x4d, 0x61, 0x72, 0x6b, 0x65, 0x74, 0x43, 0x61, 0x6c, 0x65, 0x6e, 0x64, 0x61, 0x72,
	0x52, 0x65, 0x73, 0x70, 0x6f, 0x6e, 0x73, 0x65, 0x22, 0x11, 0x9a, 0xb5, 0x18, 0x0d, 0x0a, 0x09,
	0x2f, 0x63, 0x61, 0x6c, 0x65, 0x6e, 0x64, 0x61, 0x72, 0x10, 0x01, 0x12, 0x68, 0x0a, 0x0e, 0x47,
	0x65, 0x74, 0x4d, 0x61, 0x72, 0x6b, 0x65, 0x74, 0x43, 0x6c, 0x6f, 0x63, 0x6b, 0x12, 0x27, 0x2e,
	0x61, 0x6c, 0x70, 0x61, 0x63, 0x61, 0x2e, 0x62, 0x72, 0x6f, 0x6b, 0x65, 0x72, 0x2e, 0x76, 0x31,
	0x2e, 0x47, 0x65, 0x74, 0x4d, 0x61, 0x72, 0x6b, 0x65, 0x74, 0x43, 0x6c, 0x6f, 0x63, 0x6b, 0x52,
	0x65, 0x71, 0x75, 0x65, 0x73, 0x74, 0x1a, 0x1d, 0x2e, 0x61, 0x6c, 0x70, 0x61, 0x63, 0x61, 0x2e,
	0x62, 0x72, 0x6f, 0x6b, 0x65, 0x72, 0x2e, 0x76, 0x31, 0x2e, 0x4d, 0x61, 0x72, 0x6b, 0x65, 0x74,
	0x43, 0x6c, 0x6f, 0x63, 0x6b, 0x22, 0x0e, 0x9a, 0xb5, 0x18, 0x0a, 0x0a, 0x06, 0x2f, 0x63, 0x6c,
	0x6f, 0x63, 0x6b, 0x10, 0x01, 0x12, 0x8c, 0x01, 0x0a, 0x12, 0x47, 0x65, 0x74, 0x4f, 0x70, 0x74,
	0x69, 0x6f, 0x6e, 0x73, 0x41, 0x70, 0x70, 0x72, 0x6f, 0x76, 0x61, 0x6c, 0x12, 0x2b, 0x2e, 0x61,
	0x6c, 0x70, 0x61, 0x63, 0x61, 0x2e, 0x62, 0x72, 0x6f, 0x6b, 0x65, 0x72, 0x2e, 0x76, 0x31, 0x2e,
	0x47, 0x65, 0x74, 0x4f, 0x70, 0x74, 0x69, 0x6f, 0x6e, 0x73, 0x41, 0x70, 0x70, 0x72, 0x6f, 0x76,
	0x61, 0x6c, 0x52, 0x65, 0x71, 0x75, 0x65, 0x73, 0x74, 0x1a, 0x21, 0x2e, 0x61, 0x6c, 0x70, 0x61,
	0x63, 0x61, 0x2e, 0x62, 0x72, 0x6f, 0x6b, 0x65, 0x72, 0x2e, 0x76, 0x31, 0x2e, 0x4f, 0x70, 0x74,
	0x69, 0x6f, 0x6e, 0x73, 0x41, 0x70, 0x70, 0x72, 0x6f, 0x76, 0x61, 0x6c, 0x22, 0x26, 0x9a, 0xb5,
	0x18, 0x22, 0x0a, 0x1e, 0x2f, 0x61, 0x63, 0x63, 0x6f, 0x75, 0x6e, 0x74, 0x73, 0x2f, 0x7b, 0x61,
	0x63, 0x63, 0x6f, 0x75, 0x6e, 0x74, 0x5f, 0x69, 0x64, 0x7d, 0x2f, 0x6f, 0x70, 0x74, 0x69, 0x6f,
	0x6e, 0x73, 0x10, 0x01, 0x12, 0x94, 0x01, 0x0a, 0x16, 0x52, 0x65, 0x71, 0x75, 0x65, 0x73, 0x74,
	0x4f, 0x70, 0x74, 0x69, 0x6f, 0x6e, 0x73, 0x41, 0x70, 0x70, 0x72, 0x6f, 0x76, 0x61, 0x6c, 0x12,
	0x2f, 0x2e, 0x61, 0x6c, 0x70, 0x61, 0x63, 0x61, 0x2e, 0x62, 0x72, 0x6f, 0x6b, 0x65, 0x72, 0x2e,
	0x76, 0x31, 0x2e, 0x52, 0x65, 0x71, 0x75, 0x65, 0x73, 0x74, 0x4f, 0x70, 0x74, 0x69, 0x6f, 0x6e,
	0x73, 0x41, 0x70, 0x70, 0x72, 0x6f, 0x76, 0x61, 0x6c, 0x52, 0x65, 0x71, 0x75, 0x65, 0x73, 0x74,
	0x1a, 0x21, 0x2e, 0x61, 0x6c, 0x70, 0x61, 0x63, 0x61, 0x2e, 0x62, 0x72, 0x6f, 0x6b, 0x65, 0x72,
	0x2e, 0x76, 0x31, 0x2e, 0x4f, 0x70, 0x74, 0x69, 0x6f, 0x6e, 0x73, 0x41, 0x70, 0x70, 0x72, 0x6f,
	0x76, 0x61, 0x6c, 0x22, 0x26, 0x9a, 0xb5, 0x18, 0x22, 0x0a, 0x1e, 0x2f, 0x61, 0x63, 0x63, 0x6f,
	0x75, 0x6e, 0x74, 0x73, 0x2f, 0x7b, 0x61, 0x63, 0x63, 0x6f, 0x75, 0x6e, 0x74, 0x5f, 0x69, 0x64,
	0x7d, 0x2f, 0x6f, 0x70, 0x74, 0x69, 0x6f, 0x6e, 0x73, 0x10, 0x02, 0x12, 0x92, 0x01, 0x0a, 0x15,
	0x55, 0x70, 0x64, 0x61, 0x74, 0x65, 0x4f, 0x70, 0x74, 0x69, 0x6f, 0x6e, 0x73, 0x41, 0x70, 0x70,
	0x72, 0x6f, 0x76, 0x61, 0x6c, 0x12, 0x2e, 0x2e, 0x61, 0x6c, 0x70, 0x61, 0x63, 0x61, 0x2e, 0x62,
	0x72, 0x6f, 0x6b, 0x65, 0x72, 0x2e, 0x76, 0x31, 0x2e, 0x55, 0x70, 0x64, 0x61, 0x74, 0x65, 0x4f,
	0x70, 0x74, 0x69, 0x6f, 0x6e, 0x73, 0x41, 0x70, 0x70, 0x72, 0x6f, 0x76, 0x61, 0x6c, 0x52, 0x65,
	0x71, 0x75, 0x65, 0x73, 0x74, 0x1a, 0x21, 0x2e, 0x61, 0x6c, 0x70, 0x61, 0x63, 0x61, 0x2e, 0x62,
	0x72, 0x6f, 0x6b, 0x65, 0x72, 0x2e, 0x76, 0x31, 0x2e, 0x4f, 0x70, 0x74, 0x69, 0x6f, 0x6e, 0x73,
	0x41, 0x70, 0x70, 0x72, 0x6f, 0x76, 0x61, 0x6c, 0x22, 0x26, 0x9a, 0xb5, 0x18, 0x22, 0x0a, 0x1e,
	0x2f, 0x61, 0x63, 0x63, 0x6f, 0x75, 0x6e, 0x74, 0x73, 0x2f, 0x7b, 0x61, 0x63, 0x63, 0x6f, 0x75,
	0x6e, 0x74, 0x5f, 0x69, 0x64, 0x7d, 0x2f, 0x6f, 0x70, 0x74, 0x69, 0x6f, 0x6e, 0x73, 0x10, 0x05,
	0x12, 0xa0, 0x01, 0x0a, 0x19, 0x4c, 0x69, 0x73, 0x74, 0x42, 0x72, 0x6f, 0x6b, 0x65, 0x72, 0x4f,
	0x70, 0x74, 0x69, 0x6f, 0x6e, 0x43, 0x6f, 0x6e, 0x74, 0x72, 0x61, 0x63, 0x74, 0x73, 0x12, 0x32,
	0x2e, 0x61, 0x6c, 0x70, 0x61, 0x63, 0x61, 0x2e, 0x62, 0x72, 0x6f, 0x6b, 0x65, 0x72, 0x2e, 0x76,
	0x31, 0x2e, 0x4c, 0x69, 0x73, 0x74, 0x42, 0x72, 0x6f, 0x6b, 0x65, 0x72, 0x4f, 0x70, 0x74, 0x69,
	0x6f, 0x6e, 0x43, 0x6f, 0x6e, 0x74, 0x72, 0x61, 0x63, 0x74, 0x73, 0x52, 0x65, 0x71, 0x75, 0x65,
	0x73, 0x74, 0x1a, 0x33, 0x2e, 0x61, 0x6c, 0x70, 0x61, 0x63, 0x61, 0x2e, 0x62, 0x72, 0x6f, 0x6b,
	0x65, 0x72, 0x2e, 0x76, 0x31, 0x2e, 0x4c, 0x69, 0x73, 0x74, 0x42, 0x72, 0x6f, 0x6b, 0x65, 0x72,
	0x4f, 0x70, 0x74, 0x69, 0x6f, 0x6e, 0x43, 0x6f, 0x6e, 0x74, 0x72, 0x61, 0x63, 0x74, 0x73, 0x52,
	0x65, 0x73, 0x70, 0x6f, 0x6e, 0x73, 0x65, 0x22, 0x1a, 0x9a, 0xb5, 0x18, 0x16, 0x0a, 0x12, 0x2f,
	0x6f, 0x70, 0x74, 0x69, 0x6f, 0x6e, 0x73, 0x2f, 0x63, 0x6f, 0x6e, 0x74, 0x72, 0x61, 0x63, 0x74,
	0x73, 0x10, 0x01, 0x12, 0x9e, 0x01, 0x0a, 0x17, 0x47, 0x65, 0x74, 0x42, 0x72, 0x6f, 0x6b, 0x65,
	0x72, 0x4f, 0x70, 0x74, 0x69, 0x6f, 0x6e, 0x43, 0x6f, 0x6e, 0x74, 0x72, 0x61, 0x63, 0x74, 0x12,
	0x30, 0x2e, 0x61, 0x6c, 0x70, 0x61, 0x63, 0x61, 0x2e, 0x62, 0x72, 0x6f, 0x6b, 0x65, 0x72, 0x2e,
	0x76, 0x31, 0x2e, 0x47, 0x65, 0x74, 0x42, 0x72, 0x6f, 0x6b, 0x65, 0x72, 0x4f, 0x70, 0x74, 0x69,
	0x6f, 0x6e, 0x43, 0x6f, 0x6e, 0x74, 0x72, 0x61, 0x63, 0x74, 0x52, 0x65, 0x71, 0x75, 0x65, 0x73,
	0x74, 0x1a, 0x26, 0x2e, 0x61, 0x6c, 0x70, 0x61, 0x63, 0x61, 0x2e, 0x62, 0x72, 0x6f, 0x6b, 0x65,
	0x72, 0x2e, 0x76, 0x31, 0x2e, 0x42, 0x72, 0x6f, 0x6b, 0x65, 0x72, 0x4f, 0x70, 0x74, 0x69, 0x6f,
	0x6e, 0x43, 0x6f, 0x6e, 0x74, 0x72, 0x61, 0x63, 0x74, 0x22, 0x29, 0x9a, 0xb5, 0x18, 0x25, 0x0a,
	0x21, 0x2f, 0x6f, 0x70, 0x74, 0x69, 0x6f, 0x6e, 0x73, 0x2f, 0x63, 0x6f, 0x6e, 0x74, 0x72, 0x61,
	0x63, 0x74, 0x73, 0x2f, 0x7b, 0x73, 0x79, 0x6d, 0x62, 0x6f, 0x6c, 0x5f, 0x6f, 0x72, 0x5f, 0x69,
	0x64, 0x7d, 0x10, 0x01, 0x12, 0xaa, 0x01, 0x0a, 0x1a, 0x4c, 0x69, 0x73, 0x74, 0x49, 0x52, 0x41,
	0x45, 0x78, 0x63, 0x65, 0x73, 0x73, 0x43, 0x6f, 0x6e, 0x74, 0x72, 0x69, 0x62, 0x75, 0x74, 0x69,
	0x6f, 0x6e, 0x73, 0x12, 0x33, 0x2e, 0x61, 0x6c, 0x70, 0x61, 0x63, 0x61, 0x2e, 0x62, 0x72, 0x6f,
	0x6b, 0x65, 0x72, 0x2e, 0x76, 0x31, 0x2e, 0x4c, 0x69, 0x73, 0x74, 0x49, 0x52, 0x41, 0x45, 0x78,
	0x63, 0x65, 0x73, 0x73, 0x43, 0x6f, 0x6e, 0x74, 0x72, 0x69, 0x62, 0x75, 0x74, 0x69, 0x6f, 0x6e,
	0x73, 0x52, 0x65, 0x71, 0x75, 0x65, 0x73, 0x74, 0x1a, 0x34, 0x2e, 0x61, 0x6c, 0x70, 0x61, 0x63,
	0x61, 0x2e, 0x62, 0x72, 0x6f, 0x6b, 0x65, 0x72, 0x2e, 0x76, 0x31, 0x2e, 0x4c, 0x69, 0x73, 0x74,
	0x49, 0x52, 0x41, 0x45, 0x78, 0x63, 0x65, 0x73, 0x73, 0x43, 0x6f, 0x6e, 0x74, 0x72, 0x69, 0x62,
	0x75, 0x74, 0x69, 0x6f, 0x6e, 0x73, 0x52, 0x65, 0x73, 0x70, 0x6f, 0x6e, 0x73, 0x65, 0x22, 0x21,
	0x9a, 0xb5, 0x18, 0x1d, 0x0a, 0x19, 0x2f, 0x69, 0x72, 0x61, 0x2f, 0x65, 0x78, 0x63, 0x65, 0x73,
	0x73, 0x5f, 0x63, 0x6f, 0x6e, 0x74, 0x72, 0x69, 0x62, 0x75, 0x74, 0x69, 0x6f, 0x6e, 0x73, 0x10,
	0x01, 0x12, 0xb2, 0x01, 0x0a, 0x18, 0x47, 0x65, 0x74, 0x49, 0x52, 0x41, 0x45, 0x78, 0x63, 0x65,
	0x73, 0x73, 0x43, 0x6f, 0x6e, 0x74, 0x72, 0x69, 0x62, 0x75, 0x74, 0x69, 0x6f, 0x6e, 0x12, 0x31,
	0x2e, 0x61, 0x6c, 0x70, 0x61, 0x63, 0x61, 0x2e, 0x62, 0x72, 0x6f, 0x6b, 0x65, 0x72, 0x2e, 0x76,
	0x31, 0x2e, 0x47, 0x65, 0x74, 0x49, 0x52, 0x41, 0x45, 0x78, 0x63, 0x65, 0x73, 0x73, 0x43, 0x6f,
	0x6e, 0x74, 0x72, 0x69, 0x62, 0x75, 0x74, 0x69, 0x6f, 0x6e, 0x52, 0x65, 0x71, 0x75, 0x65, 0x73,
	0x74, 0x1a, 0x27, 0x2e, 0x61, 0x6c, 0x70, 0x61, 0x63, 0x61, 0x2e, 0x62, 0x72, 0x6f, 0x6b, 0x65,
	0x72, 0x2e, 0x76, 0x31, 0x2e, 0x49, 0x52, 0x41, 0x45, 0x78, 0x63, 0x65, 0x73, 0x73, 0x43, 0x6f,
	0x6e, 0x74, 0x72, 0x69, 0x62, 0x75, 0x74, 0x69, 0x6f, 0x6e, 0x22, 0x3a, 0x9a, 0xb5, 0x18, 0x36,
	0x0a, 0x32, 0x2f, 0x69, 0x72, 0x61, 0x2f, 0x65, 0x78, 0x63, 0x65, 0x73, 0x73, 0x5f, 0x63, 0x6f,
	0x6e, 0x74, 0x72, 0x69, 0x62, 0x75, 0x74, 0x69, 0x6f, 0x6e, 0x73, 0x2f, 0x7b, 0x65, 0x78, 0x63,
	0x65, 0x73, 0x73, 0x5f, 0x63, 0x6f, 0x6e, 0x74, 0x72, 0x69, 0x62, 0x75, 0x74, 0x69, 0x6f, 0x6e,
	0x5f, 0x69, 0x64, 0x7d, 0x10, 0x01, 0x12, 0x9f, 0x01, 0x0a, 0x1b, 0x43, 0x72, 0x65, 0x61, 0x74,
	0x65, 0x49, 0x52, 0x41, 0x45, 0x78, 0x63, 0x65, 0x73, 0x73, 0x43, 0x6f, 0x6e, 0x74, 0x72, 0x69,
	0x62, 0x75, 0x74, 0x69, 0x6f, 0x6e, 0x12, 0x34, 0x2e, 0x61, 0x6c, 0x70, 0x61, 0x63, 0x61, 0x2e,
	0x62, 0x72, 0x6f, 0x6b, 0x65, 0x72, 0x2e, 0x76, 0x31, 0x2e, 0x43, 0x72, 0x65, 0x61, 0x74, 0x65,
	0x49, 0x52, 0x41, 0x45, 0x78, 0x63, 0x65, 0x73, 0x73, 0x43, 0x6f, 0x6e, 0x74, 0x72, 0x69, 0x62,
	0x75, 0x74, 0x69, 0x6f, 0x6e, 0x52, 0x65, 0x71, 0x75, 0x65, 0x73, 0x74, 0x1a, 0x27, 0x2e, 0x61,
	0x6c, 0x70, 0x61, 0x63, 0x61, 0x2e, 0x62, 0x72, 0x6f, 0x6b, 0x65, 0x72, 0x2e, 0x76, 0x31, 0x2e,
	0x49, 0x52, 0x41, 0x45, 0x78, 0x63, 0x65, 0x73, 0x73, 0x43, 0x6f, 0x6e, 0x74, 0x72, 0x69, 0x62,
	0x75, 0x74, 0x69, 0x6f, 0x6e, 0x22, 0x21, 0x9a, 0xb5, 0x18, 0x1d, 0x0a, 0x19, 0x2f, 0x69, 0x72,
	0x61, 0x2f, 0x65, 0x78, 0x63, 0x65, 0x73, 0x73, 0x5f, 0x63, 0x6f, 0x6e, 0x74, 0x72, 0x69, 0x62,
	0x75, 0x74, 0x69, 0x6f, 0x6e, 0x73, 0x10, 0x02, 0x12, 0x8b, 0x01, 0x0a, 0x18, 0x47, 0x65, 0x74,
	0x49, 0x52, 0x41, 0x43, 0x6f, 0x6e, 0x74, 0x72, 0x69, 0x62, 0x75, 0x74, 0x69, 0x6f, 0x6e, 0x4c,
	0x69, 0x6d, 0x69, 0x74, 0x73, 0x12, 0x31, 0x2e, 0x61, 0x6c, 0x70, 0x61, 0x63, 0x61, 0x2e, 0x62,
	0x72, 0x6f, 0x6b, 0x65, 0x72, 0x2e, 0x76, 0x31, 0x2e, 0x47, 0x65, 0x74, 0x49, 0x52, 0x41, 0x43,
	0x6f, 0x6e, 0x74, 0x72, 0x69, 0x62, 0x75, 0x74, 0x69, 0x6f, 0x6e, 0x4c, 0x69, 0x6d, 0x69, 0x74,
	0x73, 0x52, 0x65, 0x71, 0x75, 0x65, 0x73, 0x74, 0x1a, 0x27, 0x2e, 0x61, 0x6c, 0x70, 0x61, 0x63,
	0x61, 0x2e, 0x62, 0x72, 0x6f, 0x6b, 0x65, 0x72, 0x2e, 0x76, 0x31, 0x2e, 0x49, 0x52, 0x41, 0x43,
	0x6f, 0x6e, 0x74, 0x72, 0x69, 0x62, 0x75, 0x74, 0x69, 0x6f, 0x6e, 0x4c, 0x69, 0x6d, 0x69, 0x74,
	0x73, 0x22, 0x13, 0x9a, 0xb5, 0x18, 0x0f, 0x0a, 0x0b, 0x2f, 0x69, 0x72, 0x61, 0x2f, 0x6c, 0x69,
	0x6d, 0x69, 0x74, 0x73, 0x10, 0x01, 0x12, 0x77, 0x0a, 0x0d, 0x4c, 0x69, 0x73, 0x74, 0x43, 0x6f,
	0x75, 0x6e, 0x74, 0x72, 0x69, 0x65, 0x73, 0x12, 0x26, 0x2e, 0x61, 0x6c, 0x70, 0x61, 0x63, 0x61,
	0x2e, 0x62, 0x72, 0x6f, 0x6b, 0x65, 0x72, 0x2e, 0x76, 0x31, 0x2e, 0x4c, 0x69, 0x73, 0x74, 0x43,
	0x6f, 0x75, 0x6e, 0x74, 0x72, 0x69, 0x65, 0x73, 0x52, 0x65, 0x71, 0x75, 0x65, 0x73, 0x74, 0x1a,
	0x27, 0x2e, 0x61, 0x6c, 0x70, 0x61, 0x63, 0x61, 0x2e, 0x62, 0x72, 0x6f, 0x6b, 0x65, 0x72, 0x2e,
	0x76, 0x31, 0x2e, 0x4c, 0x69, 0x73, 0x74, 0x43, 0x6f, 0x75, 0x6e, 0x74, 0x72, 0x69, 0x65, 0x73,
	0x52, 0x65, 0x73, 0x70, 0x6f, 0x6e, 0x73, 0x65, 0x22, 0x15, 0x9a, 0xb5, 0x18, 0x11, 0x0a, 0x0d,
	0x2f, 0x63, 0x6f, 0x75, 0x6e, 0x74, 0x72, 0x79, 0x2d, 0x69, 0x6e, 0x66, 0x6f, 0x10, 0x01, 0x1a,
	0x80, 0x01, 0xa2, 0xb5, 0x18, 0x05, 0x0a, 0x03, 0x2f, 0x76, 0x31, 0xaa, 0xb5, 0x18, 0x73, 0x0a,
	0x71, 0x0a, 0x0d, 0x41, 0x75, 0x74, 0x68, 0x6f, 0x72, 0x69, 0x7a, 0x61, 0x74, 0x69, 0x6f, 0x6e,
	0x12, 0x36, 0x48, 0x54, 0x54, 0x50, 0x20, 0x42, 0x61, 0x73, 0x69, 0x63, 0x20, 0x41, 0x75, 0x74,
	0x68, 0x20, 0x77, 0x69, 0x74, 0x68, 0x20, 0x62, 0x61, 0x73, 0x65, 0x36, 0x34, 0x20, 0x65, 0x6e,
	0x63, 0x6f, 0x64, 0x65, 0x64, 0x20, 0x41, 0x50, 0x49, 0x5f, 0x4b, 0x45, 0x59, 0x3a, 0x41, 0x50,
	0x49, 0x5f, 0x53, 0x45, 0x43, 0x52, 0x45, 0x54, 0x1a, 0x06, 0x73, 0x74, 0x72, 0x69, 0x6e, 0x67,
	0x20, 0x01, 0x32, 0x1e, 0x42, 0x61, 0x73, 0x69, 0x63, 0x20, 0x51, 0x56, 0x42, 0x4a, 0x4c, 0x55,
	0x74, 0x46, 0x57, 0x54, 0x70, 0x42, 0x55, 0x45, 0x6b, 0x74, 0x55, 0x30, 0x56, 0x44, 0x55, 0x6b,
	0x56, 0x55, 0x42, 0xd2, 0x01, 0x0a, 0x14, 0x63, 0x6f, 0x6d, 0x2e, 0x61, 0x6c, 0x70, 0x61, 0x63,
	0x61, 0x2e, 0x62, 0x72, 0x6f, 0x6b, 0x65, 0x72, 0x2e, 0x76, 0x31, 0x42, 0x0c, 0x53, 0x65, 0x72,
	0x76, 0x69, 0x63, 0x65, 0x50, 0x72, 0x6f, 0x74, 0x6f, 0x50, 0x01, 0x5a, 0x4a, 0x67, 0x69, 0x74,
	0x68, 0x75, 0x62, 0x2e, 0x63, 0x6f, 0x6d, 0x2f, 0x73, 0x65, 0x62, 0x61, 0x73, 0x74, 0x69, 0x65,
	0x6e, 0x6d, 0x65, 0x6c, 0x6b, 0x69, 0x2f, 0x61, 0x6c, 0x70, 0x61, 0x63, 0x61, 0x2d, 0x67, 0x6f,
	0x2f, 0x69, 0x6e, 0x74, 0x65, 0x72, 0x6e, 0x61, 0x6c, 0x2f, 0x67, 0x65, 0x6e, 0x2f, 0x61, 0x6c,
	0x70, 0x61, 0x63, 0x61, 0x2f, 0x62, 0x72, 0x6f, 0x6b, 0x65, 0x72, 0x2f, 0x76, 0x31, 0x3b, 0x62,
	0x72, 0x6f, 0x6b, 0x65, 0x72, 0x76, 0x31, 0xa2, 0x02, 0x03, 0x41, 0x42, 0x58, 0xaa, 0x02, 0x10,
	0x41, 0x6c, 0x70, 0x61, 0x63, 0x61, 0x2e, 0x42, 0x72, 0x6f, 0x6b, 0x65, 0x72, 0x2e, 0x56, 0x31,
	0xca, 0x02, 0x10, 0x41, 0x6c, 0x70, 0x61, 0x63, 0x61, 0x5c, 0x42, 0x72, 0x6f, 0x6b, 0x65, 0x72,
	0x5c, 0x56, 0x31, 0xe2, 0x02, 0x1c, 0x41, 0x6c, 0x70, 0x61, 0x63, 0x61, 0x5c, 0x42, 0x72, 0x6f,
	0x6b, 0x65, 0x72, 0x5c, 0x56, 0x31, 0x5c, 0x47, 0x50, 0x42, 0x4d, 0x65, 0x74, 0x61, 0x64, 0x61,
	0x74, 0x61, 0xea, 0x02, 0x12, 0x41, 0x6c, 0x70, 0x61, 0x63, 0x61, 0x3a, 0x3a, 0x42, 0x72, 0x6f,
	0x6b, 0x65, 0x72, 0x3a, 0x3a, 0x56, 0x31, 0x62, 0x06, 0x70, 0x72, 0x6f, 0x74, 0x6f, 0x33,
})

var file_alpaca_broker_v1_service_proto_goTypes = []any{
	(*CreateAccountRequest)(nil),                   // 0: alpaca.broker.v1.CreateAccountRequest
	(*ListAccountsRequest)(nil),                    // 1: alpaca.broker.v1.ListAccountsRequest
	(*GetBrokerAccountRequest)(nil),                // 2: alpaca.broker.v1.GetBrokerAccountRequest
	(*UpdateBrokerAccountRequest)(nil),             // 3: alpaca.broker.v1.UpdateBrokerAccountRequest
	(*CloseBrokerAccountRequest)(nil),              // 4: alpaca.broker.v1.CloseBrokerAccountRequest
	(*CreateACHRelationshipRequest)(nil),           // 5: alpaca.broker.v1.CreateACHRelationshipRequest
	(*ListACHRelationshipsRequest)(nil),            // 6: alpaca.broker.v1.ListACHRelationshipsRequest
	(*DeleteACHRelationshipRequest)(nil),           // 7: alpaca.broker.v1.DeleteACHRelationshipRequest
	(*CreateTransferRequest)(nil),                  // 8: alpaca.broker.v1.CreateTransferRequest
	(*ListTransfersRequest)(nil),                   // 9: alpaca.broker.v1.ListTransfersRequest
	(*GetTransferRequest)(nil),                     // 10: alpaca.broker.v1.GetTransferRequest
	(*CancelTransferRequest)(nil),                  // 11: alpaca.broker.v1.CancelTransferRequest
	(*CreateTradingOrderRequest)(nil),              // 12: alpaca.broker.v1.CreateTradingOrderRequest
	(*ListTradingOrdersRequest)(nil),               // 13: alpaca.broker.v1.ListTradingOrdersRequest
	(*GetTradingOrderRequest)(nil),                 // 14: alpaca.broker.v1.GetTradingOrderRequest
	(*CancelTradingOrderRequest)(nil),              // 15: alpaca.broker.v1.CancelTradingOrderRequest
	(*ListTradingPositionsRequest)(nil),            // 16: alpaca.broker.v1.ListTradingPositionsRequest
	(*GetTradingPositionRequest)(nil),              // 17: alpaca.broker.v1.GetTradingPositionRequest
	(*CloseTradingPositionRequest)(nil),            // 18: alpaca.broker.v1.CloseTradingPositionRequest
	(*CloseAllTradingPositionsRequest)(nil),        // 19: alpaca.broker.v1.CloseAllTradingPositionsRequest
	(*ListAccountDocumentsRequest)(nil),            // 20: alpaca.broker.v1.ListAccountDocumentsRequest
	(*DownloadAccountDocumentRequest)(nil),         // 21: alpaca.broker.v1.DownloadAccountDocumentRequest
	(*DownloadW8BenDocumentRequest)(nil),           // 22: alpaca.broker.v1.DownloadW8BenDocumentRequest
	(*ListBrokerWatchlistsRequest)(nil),            // 23: alpaca.broker.v1.ListBrokerWatchlistsRequest
	(*CreateBrokerWatchlistRequest)(nil),           // 24: alpaca.broker.v1.CreateBrokerWatchlistRequest
	(*GetBrokerWatchlistRequest)(nil),              // 25: alpaca.broker.v1.GetBrokerWatchlistRequest
	(*UpdateBrokerWatchlistRequest)(nil),           // 26: alpaca.broker.v1.UpdateBrokerWatchlistRequest
	(*DeleteBrokerWatchlistRequest)(nil),           // 27: alpaca.broker.v1.DeleteBrokerWatchlistRequest
	(*AddBrokerWatchlistAssetRequest)(nil),         // 28: alpaca.broker.v1.AddBrokerWatchlistAssetRequest
	(*RemoveBrokerWatchlistAssetRequest)(nil),      // 29: alpaca.broker.v1.RemoveBrokerWatchlistAssetRequest
	(*ListBrokerCryptoWalletsRequest)(nil),         // 30: alpaca.broker.v1.ListBrokerCryptoWalletsRequest
	(*ListBrokerCryptoTransfersRequest)(nil),       // 31: alpaca.broker.v1.ListBrokerCryptoTransfersRequest
	(*GetBrokerCryptoTransferRequest)(nil),         // 32: alpaca.broker.v1.GetBrokerCryptoTransferRequest
	(*CreateBrokerCryptoTransferRequest)(nil),      // 33: alpaca.broker.v1.CreateBrokerCryptoTransferRequest
	(*ListBrokerWhitelistedAddressesRequest)(nil),  // 34: alpaca.broker.v1.ListBrokerWhitelistedAddressesRequest
	(*CreateBrokerWhitelistedAddressRequest)(nil),  // 35: alpaca.broker.v1.CreateBrokerWhitelistedAddressRequest
	(*DeleteBrokerWhitelistedAddressRequest)(nil),  // 36: alpaca.broker.v1.DeleteBrokerWhitelistedAddressRequest
	(*CreateJournalRequest)(nil),                   // 37: alpaca.broker.v1.CreateJournalRequest
	(*ListJournalsRequest)(nil),                    // 38: alpaca.broker.v1.ListJournalsRequest
	(*GetJournalRequest)(nil),                      // 39: alpaca.broker.v1.GetJournalRequest
	(*DeleteJournalRequest)(nil),                   // 40: alpaca.broker.v1.DeleteJournalRequest
	(*CreateBatchJournalRequest)(nil),              // 41: alpaca.broker.v1.CreateBatchJournalRequest
	(*ReverseBatchJournalRequest)(nil),             // 42: alpaca.broker.v1.ReverseBatchJournalRequest
	(*ListPortfoliosRequest)(nil),                  // 43: alpaca.broker.v1.ListPortfoliosRequest
	(*CreatePortfolioRequest)(nil),                 // 44: alpaca.broker.v1.CreatePortfolioRequest
	(*GetPortfolioRequest)(nil),                    // 45: alpaca.broker.v1.GetPortfolioRequest
	(*UpdatePortfolioRequest)(nil),                 // 46: alpaca.broker.v1.UpdatePortfolioRequest
	(*DeletePortfolioRequest)(nil),                 // 47: alpaca.broker.v1.DeletePortfolioRequest
	(*ListSubscriptionsRequest)(nil),               // 48: alpaca.broker.v1.ListSubscriptionsRequest
	(*CreateSubscriptionRequest)(nil),              // 49: alpaca.broker.v1.CreateSubscriptionRequest
	(*GetSubscriptionRequest)(nil),                 // 50: alpaca.broker.v1.GetSubscriptionRequest
	(*DeleteSubscriptionRequest)(nil),              // 51: alpaca.broker.v1.DeleteSubscriptionRequest
	(*ListRunsRequest)(nil),                        // 52: alpaca.broker.v1.ListRunsRequest
	(*CreateRunRequest)(nil),                       // 53: alpaca.broker.v1.CreateRunRequest
	(*GetRunRequest)(nil),                          // 54: alpaca.broker.v1.GetRunRequest
	(*CancelRunRequest)(nil),                       // 55: alpaca.broker.v1.CancelRunRequest
	(*ListJITSettlementsRequest)(nil),              // 56: alpaca.broker.v1.ListJITSettlementsRequest
	(*GetJITSettlementRequest)(nil),                // 57: alpaca.broker.v1.GetJITSettlementRequest
	(*CreateJITSettlementRequest)(nil),             // 58: alpaca.broker.v1.CreateJITSettlementRequest
	(*ListJITLedgersRequest)(nil),                  // 59: alpaca.broker.v1.ListJITLedgersRequest
	(*GetJITLedgerBalancesRequest)(nil),            // 60: alpaca.broker.v1.GetJITLedgerBalancesRequest
	(*GetJITLimitsRequest)(nil),                    // 61: alpaca.broker.v1.GetJITLimitsRequest
	(*ListInstantFundingRequest)(nil),              // 62: alpaca.broker.v1.ListInstantFundingRequest
	(*DeleteInstantFundingRequest)(nil),            // 63: alpaca.broker.v1.DeleteInstantFundingRequest
	(*ListInstantFundingSettlementsRequest)(nil),   // 64: alpaca.broker.v1.ListInstantFundingSettlementsRequest
	(*CreateInstantFundingSettlementRequest)(nil),  // 65: alpaca.broker.v1.CreateInstantFundingSettlementRequest
	(*ListFPSLTiersRequest)(nil),                   // 66: alpaca.broker.v1.ListFPSLTiersRequest
	(*ListFPSLLoansRequest)(nil),                   // 67: alpaca.broker.v1.ListFPSLLoansRequest
	(*ListAPRTiersRequest)(nil),                    // 68: alpaca.broker.v1.ListAPRTiersRequest
	(*CreateOAuthTokenRequest)(nil),                // 69: alpaca.broker.v1.CreateOAuthTokenRequest
	(*AuthorizeOAuthRequest)(nil),                  // 70: alpaca.broker.v1.AuthorizeOAuthRequest
	(*GetOAuthClientRequest)(nil),                  // 71: alpaca.broker.v1.GetOAuthClientRequest
	(*CreateOAuthClientRequest)(nil),               // 72: alpaca.broker.v1.CreateOAuthClientRequest
	(*UpdateOAuthClientRequest)(nil),               // 73: alpaca.broker.v1.UpdateOAuthClientRequest
	(*DeleteOAuthClientRequest)(nil),               // 74: alpaca.broker.v1.DeleteOAuthClientRequest
	(*RevokeOAuthAuthorizationRequest)(nil),        // 75: alpaca.broker.v1.RevokeOAuthAuthorizationRequest
	(*SubscribeAccountEventsRequest)(nil),          // 76: alpaca.broker.v1.SubscribeAccountEventsRequest
	(*SubscribeTradeEventsRequest)(nil),            // 77: alpaca.broker.v1.SubscribeTradeEventsRequest
	(*SubscribeTransferEventsRequest)(nil),         // 78: alpaca.broker.v1.SubscribeTransferEventsRequest
	(*SubscribeJournalEventsRequest)(nil),          // 79: alpaca.broker.v1.SubscribeJournalEventsRequest
	(*SubscribeNTAEventsRequest)(nil),              // 80: alpaca.broker.v1.SubscribeNTAEventsRequest
	(*GetCIPInfoRequest)(nil),                      // 81: alpaca.broker.v1.GetCIPInfoRequest
	(*UpdateCIPInfoRequest)(nil),                   // 82: alpaca.broker.v1.UpdateCIPInfoRequest
	(*CreateOnfidoApplicantRequest)(nil),           // 83: alpaca.broker.v1.CreateOnfidoApplicantRequest
	(*GetOnfidoApplicantRequest)(nil),              // 84: alpaca.broker.v1.GetOnfidoApplicantRequest
	(*GenerateOnfidoSDKTokenRequest)(nil),          // 85: alpaca.broker.v1.GenerateOnfidoSDKTokenRequest
	(*CreateOnfidoCheckRequest)(nil),               // 86: alpaca.broker.v1.CreateOnfidoCheckRequest
	(*GetOnfidoCheckRequest)(nil),                  // 87: alpaca.broker.v1.GetOnfidoCheckRequest
	(*ListOnfidoChecksRequest)(nil),                // 88: alpaca.broker.v1.ListOnfidoChecksRequest
	(*UploadOnfidoDocumentRequest)(nil),            // 89: alpaca.broker.v1.UploadOnfidoDocumentRequest
	(*UploadOnfidoPhotoRequest)(nil),               // 90: alpaca.broker.v1.UploadOnfidoPhotoRequest
	(*GetMarketCalendarRequest)(nil),               // 91: alpaca.broker.v1.GetMarketCalendarRequest
	(*GetMarketClockRequest)(nil),                  // 92: alpaca.broker.v1.GetMarketClockRequest
	(*GetOptionsApprovalRequest)(nil),              // 93: alpaca.broker.v1.GetOptionsApprovalRequest
	(*RequestOptionsApprovalRequest)(nil),          // 94: alpaca.broker.v1.RequestOptionsApprovalRequest
	(*UpdateOptionsApprovalRequest)(nil),           // 95: alpaca.broker.v1.UpdateOptionsApprovalRequest
	(*ListBrokerOptionContractsRequest)(nil),       // 96: alpaca.broker.v1.ListBrokerOptionContractsRequest
	(*GetBrokerOptionContractRequest)(nil),         // 97: alpaca.broker.v1.GetBrokerOptionContractRequest
	(*ListIRAExcessContributionsRequest)(nil),      // 98: alpaca.broker.v1.ListIRAExcessContributionsRequest
	(*GetIRAExcessContributionRequest)(nil),        // 99: alpaca.broker.v1.GetIRAExcessContributionRequest
	(*CreateIRAExcessContributionRequest)(nil),     // 100: alpaca.broker.v1.CreateIRAExcessContributionRequest
	(*GetIRAContributionLimitsRequest)(nil),        // 101: alpaca.broker.v1.GetIRAContributionLimitsRequest
	(*ListCountriesRequest)(nil),                   // 102: alpaca.broker.v1.ListCountriesRequest
	(*BrokerAccount)(nil),                          // 103: alpaca.broker.v1.BrokerAccount
	(*ListAccountsResponse)(nil),                   // 104: alpaca.broker.v1.ListAccountsResponse
	(*CloseBrokerAccountResponse)(nil),             // 105: alpaca.broker.v1.CloseBrokerAccountResponse
	(*ACHRelationship)(nil),                        // 106: alpaca.broker.v1.ACHRelationship
	(*ListACHRelationshipsResponse)(nil),           // 107: alpaca.broker.v1.ListACHRelationshipsResponse
	(*DeleteACHRelationshipResponse)(nil),          // 108: alpaca.broker.v1.DeleteACHRelationshipResponse
	(*Transfer)(nil),                               // 109: alpaca.broker.v1.Transfer
	(*ListTransfersResponse)(nil),                  // 110: alpaca.broker.v1.ListTransfersResponse
	(*CancelTransferResponse)(nil),                 // 111: alpaca.broker.v1.CancelTransferResponse
	(*BrokerOrder)(nil),                            // 112: alpaca.broker.v1.BrokerOrder
	(*ListTradingOrdersResponse)(nil),              // 113: alpaca.broker.v1.ListTradingOrdersResponse
	(*CancelTradingOrderResponse)(nil),             // 114: alpaca.broker.v1.CancelTradingOrderResponse
	(*ListTradingPositionsResponse)(nil),           // 115: alpaca.broker.v1.ListTradingPositionsResponse
	(*BrokerPosition)(nil),                         // 116: alpaca.broker.v1.BrokerPosition
	(*CloseAllTradingPositionsResponse)(nil),       // 117: alpaca.broker.v1.CloseAllTradingPositionsResponse
	(*ListAccountDocumentsResponse)(nil),           // 118: alpaca.broker.v1.ListAccountDocumentsResponse
	(*DownloadAccountDocumentResponse)(nil),        // 119: alpaca.broker.v1.DownloadAccountDocumentResponse
	(*ListBrokerWatchlistsResponse)(nil),           // 120: alpaca.broker.v1.ListBrokerWatchlistsResponse
	(*BrokerWatchlist)(nil),                        // 121: alpaca.broker.v1.BrokerWatchlist
	(*DeleteBrokerWatchlistResponse)(nil),          // 122: alpaca.broker.v1.DeleteBrokerWatchlistResponse
	(*RemoveBrokerWatchlistAssetResponse)(nil),     // 123: alpaca.broker.v1.RemoveBrokerWatchlistAssetResponse
	(*ListBrokerCryptoWalletsResponse)(nil),        // 124: alpaca.broker.v1.ListBrokerCryptoWalletsResponse
	(*ListBrokerCryptoTransfersResponse)(nil),      // 125: alpaca.broker.v1.ListBrokerCryptoTransfersResponse
	(*BrokerCryptoTransfer)(nil),                   // 126: alpaca.broker.v1.BrokerCryptoTransfer
	(*ListBrokerWhitelistedAddressesResponse)(nil), // 127: alpaca.broker.v1.ListBrokerWhitelistedAddressesResponse
	(*BrokerWhitelistedAddress)(nil),               // 128: alpaca.broker.v1.BrokerWhitelistedAddress
	(*DeleteBrokerWhitelistedAddressResponse)(nil), // 129: alpaca.broker.v1.DeleteBrokerWhitelistedAddressResponse
	(*Journal)(nil),                                // 130: alpaca.broker.v1.Journal
	(*ListJournalsResponse)(nil),                   // 131: alpaca.broker.v1.ListJournalsResponse
	(*DeleteJournalResponse)(nil),                  // 132: alpaca.broker.v1.DeleteJournalResponse
	(*CreateBatchJournalResponse)(nil),             // 133: alpaca.broker.v1.CreateBatchJournalResponse
	(*ReverseBatchJournalResponse)(nil),            // 134: alpaca.broker.v1.ReverseBatchJournalResponse
	(*ListPortfoliosResponse)(nil),                 // 135: alpaca.broker.v1.ListPortfoliosResponse
	(*RebalancingPortfolio)(nil),                   // 136: alpaca.broker.v1.RebalancingPortfolio
	(*DeletePortfolioResponse)(nil),                // 137: alpaca.broker.v1.DeletePortfolioResponse
	(*ListSubscriptionsResponse)(nil),              // 138: alpaca.broker.v1.ListSubscriptionsResponse
	(*RebalancingSubscription)(nil),                // 139: alpaca.broker.v1.RebalancingSubscription
	(*DeleteSubscriptionResponse)(nil),             // 140: alpaca.broker.v1.DeleteSubscriptionResponse
	(*ListRunsResponse)(nil),                       // 141: alpaca.broker.v1.ListRunsResponse
	(*RebalancingRun)(nil),                         // 142: alpaca.broker.v1.RebalancingRun
	(*CancelRunResponse)(nil),                      // 143: alpaca.broker.v1.CancelRunResponse
	(*ListJITSettlementsResponse)(nil),             // 144: alpaca.broker.v1.ListJITSettlementsResponse
	(*JITSettlement)(nil),                          // 145: alpaca.broker.v1.JITSettlement
	(*ListJITLedgersResponse)(nil),                 // 146: alpaca.broker.v1.ListJITLedgersResponse
	(*GetJITLedgerBalancesResponse)(nil),           // 147: alpaca.broker.v1.GetJITLedgerBalancesResponse
	(*JITLimits)(nil),                              // 148: alpaca.broker.v1.JITLimits
	(*ListInstantFundingResponse)(nil),             // 149: alpaca.broker.v1.ListInstantFundingResponse
	(*DeleteInstantFundingResponse)(nil),           // 150: alpaca.broker.v1.DeleteInstantFundingResponse
	(*ListInstantFundingSettlementsResponse)(nil),  // 151: alpaca.broker.v1.ListInstantFundingSettlementsResponse
	(*InstantFundingSettlement)(nil),               // 152: alpaca.broker.v1.InstantFundingSettlement
	(*ListFPSLTiersResponse)(nil),                  // 153: alpaca.broker.v1.ListFPSLTiersResponse
	(*ListFPSLLoansResponse)(nil),                  // 154: alpaca.broker.v1.ListFPSLLoansResponse
	(*ListAPRTiersResponse)(nil),                   // 155: alpaca.broker.v1.ListAPRTiersResponse
	(*OAuthToken)(nil),                             // 156: alpaca.broker.v1.OAuthToken
	(*AuthorizeOAuthResponse)(nil),                 // 157: alpaca.broker.v1.AuthorizeOAuthResponse
	(*OAuthClient)(nil),                            // 158: alpaca.broker.v1.OAuthClient
	(*DeleteOAuthClientResponse)(nil),              // 159: alpaca.broker.v1.DeleteOAuthClientResponse
	(*RevokeOAuthAuthorizationResponse)(nil),       // 160: alpaca.broker.v1.RevokeOAuthAuthorizationResponse
	(*SubscribeSSEResponse)(nil),                   // 161: alpaca.broker.v1.SubscribeSSEResponse
	(*CIPInfo)(nil),                                // 162: alpaca.broker.v1.CIPInfo
	(*OnfidoApplicant)(nil),                        // 163: alpaca.broker.v1.OnfidoApplicant
	(*OnfidoSDKToken)(nil),                         // 164: alpaca.broker.v1.OnfidoSDKToken
	(*OnfidoCheck)(nil),                            // 165: alpaca.broker.v1.OnfidoCheck
	(*ListOnfidoChecksResponse)(nil),               // 166: alpaca.broker.v1.ListOnfidoChecksResponse
	(*OnfidoDocument)(nil),                         // 167: alpaca.broker.v1.OnfidoDocument
	(*OnfidoPhoto)(nil),                            // 168: alpaca.broker.v1.OnfidoPhoto
	(*GetMarketCalendarResponse)(nil),              // 169: alpaca.broker.v1.GetMarketCalendarResponse
	(*MarketClock)(nil),                            // 170: alpaca.broker.v1.MarketClock
	(*OptionsApproval)(nil),                        // 171: alpaca.broker.v1.OptionsApproval
	(*ListBrokerOptionContractsResponse)(nil),      // 172: alpaca.broker.v1.ListBrokerOptionContractsResponse
	(*BrokerOptionContract)(nil),                   // 173: alpaca.broker.v1.BrokerOptionContract
	(*ListIRAExcessContributionsResponse)(nil),     // 174: alpaca.broker.v1.ListIRAExcessContributionsResponse
	(*IRAExcessContribution)(nil),                  // 175: alpaca.broker.v1.IRAExcessContribution
	(*IRAContributionLimits)(nil),                  // 176: alpaca.broker.v1.IRAContributionLimits
	(*ListCountriesResponse)(nil),                  // 177: alpaca.broker.v1.ListCountriesResponse
}
var file_alpaca_broker_v1_service_proto_depIdxs = []int32{
	0,   // 0: alpaca.broker.v1.BrokerService.CreateAccount:input_type -> alpaca.broker.v1.CreateAccountRequest
	1,   // 1: alpaca.broker.v1.BrokerService.ListAccounts:input_type -> alpaca.broker.v1.ListAccountsRequest
	2,   // 2: alpaca.broker.v1.BrokerService.GetAccount:input_type -> alpaca.broker.v1.GetBrokerAccountRequest
	3,   // 3: alpaca.broker.v1.BrokerService.UpdateAccount:input_type -> alpaca.broker.v1.UpdateBrokerAccountRequest
	4,   // 4: alpaca.broker.v1.BrokerService.CloseAccount:input_type -> alpaca.broker.v1.CloseBrokerAccountRequest
	5,   // 5: alpaca.broker.v1.BrokerService.CreateACHRelationship:input_type -> alpaca.broker.v1.CreateACHRelationshipRequest
	6,   // 6: alpaca.broker.v1.BrokerService.ListACHRelationships:input_type -> alpaca.broker.v1.ListACHRelationshipsRequest
	7,   // 7: alpaca.broker.v1.BrokerService.DeleteACHRelationship:input_type -> alpaca.broker.v1.DeleteACHRelationshipRequest
	8,   // 8: alpaca.broker.v1.BrokerService.CreateTransfer:input_type -> alpaca.broker.v1.CreateTransferRequest
	9,   // 9: alpaca.broker.v1.BrokerService.ListTransfers:input_type -> alpaca.broker.v1.ListTransfersRequest
	10,  // 10: alpaca.broker.v1.BrokerService.GetTransfer:input_type -> alpaca.broker.v1.GetTransferRequest
	11,  // 11: alpaca.broker.v1.BrokerService.CancelTransfer:input_type -> alpaca.broker.v1.CancelTransferRequest
	12,  // 12: alpaca.broker.v1.BrokerService.CreateTradingOrder:input_type -> alpaca.broker.v1.CreateTradingOrderRequest
	13,  // 13: alpaca.broker.v1.BrokerService.ListTradingOrders:input_type -> alpaca.broker.v1.ListTradingOrdersRequest
	14,  // 14: alpaca.broker.v1.BrokerService.GetTradingOrder:input_type -> alpaca.broker.v1.GetTradingOrderRequest
	15,  // 15: alpaca.broker.v1.BrokerService.CancelTradingOrder:input_type -> alpaca.broker.v1.CancelTradingOrderRequest
	16,  // 16: alpaca.broker.v1.BrokerService.ListTradingPositions:input_type -> alpaca.broker.v1.ListTradingPositionsRequest
	17,  // 17: alpaca.broker.v1.BrokerService.GetTradingPosition:input_type -> alpaca.broker.v1.GetTradingPositionRequest
	18,  // 18: alpaca.broker.v1.BrokerService.CloseTradingPosition:input_type -> alpaca.broker.v1.CloseTradingPositionRequest
	19,  // 19: alpaca.broker.v1.BrokerService.CloseAllTradingPositions:input_type -> alpaca.broker.v1.CloseAllTradingPositionsRequest
	20,  // 20: alpaca.broker.v1.BrokerService.ListAccountDocuments:input_type -> alpaca.broker.v1.ListAccountDocumentsRequest
	21,  // 21: alpaca.broker.v1.BrokerService.DownloadAccountDocument:input_type -> alpaca.broker.v1.DownloadAccountDocumentRequest
	22,  // 22: alpaca.broker.v1.BrokerService.DownloadW8BenDocument:input_type -> alpaca.broker.v1.DownloadW8BenDocumentRequest
	23,  // 23: alpaca.broker.v1.BrokerService.ListBrokerWatchlists:input_type -> alpaca.broker.v1.ListBrokerWatchlistsRequest
	24,  // 24: alpaca.broker.v1.BrokerService.CreateBrokerWatchlist:input_type -> alpaca.broker.v1.CreateBrokerWatchlistRequest
	25,  // 25: alpaca.broker.v1.BrokerService.GetBrokerWatchlist:input_type -> alpaca.broker.v1.GetBrokerWatchlistRequest
	26,  // 26: alpaca.broker.v1.BrokerService.UpdateBrokerWatchlist:input_type -> alpaca.broker.v1.UpdateBrokerWatchlistRequest
	27,  // 27: alpaca.broker.v1.BrokerService.DeleteBrokerWatchlist:input_type -> alpaca.broker.v1.DeleteBrokerWatchlistRequest
	28,  // 28: alpaca.broker.v1.BrokerService.AddBrokerWatchlistAsset:input_type -> alpaca.broker.v1.AddBrokerWatchlistAssetRequest
	29,  // 29: alpaca.broker.v1.BrokerService.RemoveBrokerWatchlistAsset:input_type -> alpaca.broker.v1.RemoveBrokerWatchlistAssetRequest
	30,  // 30: alpaca.broker.v1.BrokerService.ListBrokerCryptoWallets:input_type -> alpaca.broker.v1.ListBrokerCryptoWalletsRequest
	31,  // 31: alpaca.broker.v1.BrokerService.ListBrokerCryptoTransfers:input_type -> alpaca.broker.v1.ListBrokerCryptoTransfersRequest
	32,  // 32: alpaca.broker.v1.BrokerService.GetBrokerCryptoTransfer:input_type -> alpaca.broker.v1.GetBrokerCryptoTransferRequest
	33,  // 33: alpaca.broker.v1.BrokerService.CreateBrokerCryptoTransfer:input_type -> alpaca.broker.v1.CreateBrokerCryptoTransferRequest
	34,  // 34: alpaca.broker.v1.BrokerService.ListBrokerWhitelistedAddresses:input_type -> alpaca.broker.v1.ListBrokerWhitelistedAddressesRequest
	35,  // 35: alpaca.broker.v1.BrokerService.CreateBrokerWhitelistedAddress:input_type -> alpaca.broker.v1.CreateBrokerWhitelistedAddressRequest
	36,  // 36: alpaca.broker.v1.BrokerService.DeleteBrokerWhitelistedAddress:input_type -> alpaca.broker.v1.DeleteBrokerWhitelistedAddressRequest
	37,  // 37: alpaca.broker.v1.BrokerService.CreateJournal:input_type -> alpaca.broker.v1.CreateJournalRequest
	38,  // 38: alpaca.broker.v1.BrokerService.ListJournals:input_type -> alpaca.broker.v1.ListJournalsRequest
	39,  // 39: alpaca.broker.v1.BrokerService.GetJournal:input_type -> alpaca.broker.v1.GetJournalRequest
	40,  // 40: alpaca.broker.v1.BrokerService.DeleteJournal:input_type -> alpaca.broker.v1.DeleteJournalRequest
	41,  // 41: alpaca.broker.v1.BrokerService.CreateBatchJournal:input_type -> alpaca.broker.v1.CreateBatchJournalRequest
	42,  // 42: alpaca.broker.v1.BrokerService.ReverseBatchJournal:input_type -> alpaca.broker.v1.ReverseBatchJournalRequest
	43,  // 43: alpaca.broker.v1.BrokerService.ListPortfolios:input_type -> alpaca.broker.v1.ListPortfoliosRequest
	44,  // 44: alpaca.broker.v1.BrokerService.CreatePortfolio:input_type -> alpaca.broker.v1.CreatePortfolioRequest
	45,  // 45: alpaca.broker.v1.BrokerService.GetPortfolio:input_type -> alpaca.broker.v1.GetPortfolioRequest
	46,  // 46: alpaca.broker.v1.BrokerService.UpdatePortfolio:input_type -> alpaca.broker.v1.UpdatePortfolioRequest
	47,  // 47: alpaca.broker.v1.BrokerService.DeletePortfolio:input_type -> alpaca.broker.v1.DeletePortfolioRequest
	48,  // 48: alpaca.broker.v1.BrokerService.ListSubscriptions:input_type -> alpaca.broker.v1.ListSubscriptionsRequest
	49,  // 49: alpaca.broker.v1.BrokerService.CreateSubscription:input_type -> alpaca.broker.v1.CreateSubscriptionRequest
	50,  // 50: alpaca.broker.v1.BrokerService.GetSubscription:input_type -> alpaca.broker.v1.GetSubscriptionRequest
	51,  // 51: alpaca.broker.v1.BrokerService.DeleteSubscription:input_type -> alpaca.broker.v1.DeleteSubscriptionRequest
	52,  // 52: alpaca.broker.v1.BrokerService.ListRuns:input_type -> alpaca.broker.v1.ListRunsRequest
	53,  // 53: alpaca.broker.v1.BrokerService.CreateRun:input_type -> alpaca.broker.v1.CreateRunRequest
	54,  // 54: alpaca.broker.v1.BrokerService.GetRun:input_type -> alpaca.broker.v1.GetRunRequest
	55,  // 55: alpaca.broker.v1.BrokerService.CancelRun:input_type -> alpaca.broker.v1.CancelRunRequest
	56,  // 56: alpaca.broker.v1.BrokerService.ListJITSettlements:input_type -> alpaca.broker.v1.ListJITSettlementsRequest
	57,  // 57: alpaca.broker.v1.BrokerService.GetJITSettlement:input_type -> alpaca.broker.v1.GetJITSettlementRequest
	58,  // 58: alpaca.broker.v1.BrokerService.CreateJITSettlement:input_type -> alpaca.broker.v1.CreateJITSettlementRequest
	59,  // 59: alpaca.broker.v1.BrokerService.ListJITLedgers:input_type -> alpaca.broker.v1.ListJITLedgersRequest
	60,  // 60: alpaca.broker.v1.BrokerService.GetJITLedgerBalances:input_type -> alpaca.broker.v1.GetJITLedgerBalancesRequest
	61,  // 61: alpaca.broker.v1.BrokerService.GetJITLimits:input_type -> alpaca.broker.v1.GetJITLimitsRequest
	62,  // 62: alpaca.broker.v1.BrokerService.ListInstantFunding:input_type -> alpaca.broker.v1.ListInstantFundingRequest
	63,  // 63: alpaca.broker.v1.BrokerService.DeleteInstantFunding:input_type -> alpaca.broker.v1.DeleteInstantFundingRequest
	64,  // 64: alpaca.broker.v1.BrokerService.ListInstantFundingSettlements:input_type -> alpaca.broker.v1.ListInstantFundingSettlementsRequest
	65,  // 65: alpaca.broker.v1.BrokerService.CreateInstantFundingSettlement:input_type -> alpaca.broker.v1.CreateInstantFundingSettlementRequest
	66,  // 66: alpaca.broker.v1.BrokerService.ListFPSLTiers:input_type -> alpaca.broker.v1.ListFPSLTiersRequest
	67,  // 67: alpaca.broker.v1.BrokerService.ListFPSLLoans:input_type -> alpaca.broker.v1.ListFPSLLoansRequest
	68,  // 68: alpaca.broker.v1.BrokerService.ListAPRTiers:input_type -> alpaca.broker.v1.ListAPRTiersRequest
	69,  // 69: alpaca.broker.v1.BrokerService.CreateOAuthToken:input_type -> alpaca.broker.v1.CreateOAuthTokenRequest
	70,  // 70: alpaca.broker.v1.BrokerService.AuthorizeOAuth:input_type -> alpaca.broker.v1.AuthorizeOAuthRequest
	71,  // 71: alpaca.broker.v1.BrokerService.GetOAuthClient:input_type -> alpaca.broker.v1.GetOAuthClientRequest
	72,  // 72: alpaca.broker.v1.BrokerService.CreateOAuthClient:input_type -> alpaca.broker.v1.CreateOAuthClientRequest
	73,  // 73: alpaca.broker.v1.BrokerService.UpdateOAuthClient:input_type -> alpaca.broker.v1.UpdateOAuthClientRequest
	74,  // 74: alpaca.broker.v1.BrokerService.DeleteOAuthClient:input_type -> alpaca.broker.v1.DeleteOAuthClientRequest
	75,  // 75: alpaca.broker.v1.BrokerService.RevokeOAuthAuthorization:input_type -> alpaca.broker.v1.RevokeOAuthAuthorizationRequest
	76,  // 76: alpaca.broker.v1.BrokerService.SubscribeAccountEvents:input_type -> alpaca.broker.v1.SubscribeAccountEventsRequest
	77,  // 77: alpaca.broker.v1.BrokerService.SubscribeTradeEvents:input_type -> alpaca.broker.v1.SubscribeTradeEventsRequest
	78,  // 78: alpaca.broker.v1.BrokerService.SubscribeTransferEvents:input_type -> alpaca.broker.v1.SubscribeTransferEventsRequest
	79,  // 79: alpaca.broker.v1.BrokerService.SubscribeJournalEvents:input_type -> alpaca.broker.v1.SubscribeJournalEventsRequest
	80,  // 80: alpaca.broker.v1.BrokerService.SubscribeNTAEvents:input_type -> alpaca.broker.v1.SubscribeNTAEventsRequest
	81,  // 81: alpaca.broker.v1.BrokerService.GetCIPInfo:input_type -> alpaca.broker.v1.GetCIPInfoRequest
	82,  // 82: alpaca.broker.v1.BrokerService.UpdateCIPInfo:input_type -> alpaca.broker.v1.UpdateCIPInfoRequest
	83,  // 83: alpaca.broker.v1.BrokerService.CreateOnfidoApplicant:input_type -> alpaca.broker.v1.CreateOnfidoApplicantRequest
	84,  // 84: alpaca.broker.v1.BrokerService.GetOnfidoApplicant:input_type -> alpaca.broker.v1.GetOnfidoApplicantRequest
	85,  // 85: alpaca.broker.v1.BrokerService.GenerateOnfidoSDKToken:input_type -> alpaca.broker.v1.GenerateOnfidoSDKTokenRequest
	86,  // 86: alpaca.broker.v1.BrokerService.CreateOnfidoCheck:input_type -> alpaca.broker.v1.CreateOnfidoCheckRequest
	87,  // 87: alpaca.broker.v1.BrokerService.GetOnfidoCheck:input_type -> alpaca.broker.v1.GetOnfidoCheckRequest
	88,  // 88: alpaca.broker.v1.BrokerService.ListOnfidoChecks:input_type -> alpaca.broker.v1.ListOnfidoChecksRequest
	89,  // 89: alpaca.broker.v1.BrokerService.UploadOnfidoDocument:input_type -> alpaca.broker.v1.UploadOnfidoDocumentRequest
	90,  // 90: alpaca.broker.v1.BrokerService.UploadOnfidoPhoto:input_type -> alpaca.broker.v1.UploadOnfidoPhotoRequest
	91,  // 91: alpaca.broker.v1.BrokerService.GetMarketCalendar:input_type -> alpaca.broker.v1.GetMarketCalendarRequest
	92,  // 92: alpaca.broker.v1.BrokerService.GetMarketClock:input_type -> alpaca.broker.v1.GetMarketClockRequest
	93,  // 93: alpaca.broker.v1.BrokerService.GetOptionsApproval:input_type -> alpaca.broker.v1.GetOptionsApprovalRequest
	94,  // 94: alpaca.broker.v1.BrokerService.RequestOptionsApproval:input_type -> alpaca.broker.v1.RequestOptionsApprovalRequest
	95,  // 95: alpaca.broker.v1.BrokerService.UpdateOptionsApproval:input_type -> alpaca.broker.v1.UpdateOptionsApprovalRequest
	96,  // 96: alpaca.broker.v1.BrokerService.ListBrokerOptionContracts:input_type -> alpaca.broker.v1.ListBrokerOptionContractsRequest
	97,  // 97: alpaca.broker.v1.BrokerService.GetBrokerOptionContract:input_type -> alpaca.broker.v1.GetBrokerOptionContractRequest
	98,  // 98: alpaca.broker.v1.BrokerService.ListIRAExcessContributions:input_type -> alpaca.broker.v1.ListIRAExcessContributionsRequest
	99,  // 99: alpaca.broker.v1.BrokerService.GetIRAExcessContribution:input_type -> alpaca.broker.v1.GetIRAExcessContributionRequest
	100, // 100: alpaca.broker.v1.BrokerService.CreateIRAExcessContribution:input_type -> alpaca.broker.v1.CreateIRAExcessContributionRequest
	101, // 101: alpaca.broker.v1.BrokerService.GetIRAContributionLimits:input_type -> alpaca.broker.v1.GetIRAContributionLimitsRequest
	102, // 102: alpaca.broker.v1.BrokerService.ListCountries:input_type -> alpaca.broker.v1.ListCountriesRequest
	103, // 103: alpaca.broker.v1.BrokerService.CreateAccount:output_type -> alpaca.broker.v1.BrokerAccount
	104, // 104: alpaca.broker.v1.BrokerService.ListAccounts:output_type -> alpaca.broker.v1.ListAccountsResponse
	103, // 105: alpaca.broker.v1.BrokerService.GetAccount:output_type -> alpaca.broker.v1.BrokerAccount
	103, // 106: alpaca.broker.v1.BrokerService.UpdateAccount:output_type -> alpaca.broker.v1.BrokerAccount
	105, // 107: alpaca.broker.v1.BrokerService.CloseAccount:output_type -> alpaca.broker.v1.CloseBrokerAccountResponse
	106, // 108: alpaca.broker.v1.BrokerService.CreateACHRelationship:output_type -> alpaca.broker.v1.ACHRelationship
	107, // 109: alpaca.broker.v1.BrokerService.ListACHRelationships:output_type -> alpaca.broker.v1.ListACHRelationshipsResponse
	108, // 110: alpaca.broker.v1.BrokerService.DeleteACHRelationship:output_type -> alpaca.broker.v1.DeleteACHRelationshipResponse
	109, // 111: alpaca.broker.v1.BrokerService.CreateTransfer:output_type -> alpaca.broker.v1.Transfer
	110, // 112: alpaca.broker.v1.BrokerService.ListTransfers:output_type -> alpaca.broker.v1.ListTransfersResponse
	109, // 113: alpaca.broker.v1.BrokerService.GetTransfer:output_type -> alpaca.broker.v1.Transfer
	111, // 114: alpaca.broker.v1.BrokerService.CancelTransfer:output_type -> alpaca.broker.v1.CancelTransferResponse
	112, // 115: alpaca.broker.v1.BrokerService.CreateTradingOrder:output_type -> alpaca.broker.v1.BrokerOrder
	113, // 116: alpaca.broker.v1.BrokerService.ListTradingOrders:output_type -> alpaca.broker.v1.ListTradingOrdersResponse
	112, // 117: alpaca.broker.v1.BrokerService.GetTradingOrder:output_type -> alpaca.broker.v1.BrokerOrder
	114, // 118: alpaca.broker.v1.BrokerService.CancelTradingOrder:output_type -> alpaca.broker.v1.CancelTradingOrderResponse
	115, // 119: alpaca.broker.v1.BrokerService.ListTradingPositions:output_type -> alpaca.broker.v1.ListTradingPositionsResponse
	116, // 120: alpaca.broker.v1.BrokerService.GetTradingPosition:output_type -> alpaca.broker.v1.BrokerPosition
	112, // 121: alpaca.broker.v1.BrokerService.CloseTradingPosition:output_type -> alpaca.broker.v1.BrokerOrder
	117, // 122: alpaca.broker.v1.BrokerService.CloseAllTradingPositions:output_type -> alpaca.broker.v1.CloseAllTradingPositionsResponse
	118, // 123: alpaca.broker.v1.BrokerService.ListAccountDocuments:output_type -> alpaca.broker.v1.ListAccountDocumentsResponse
	119, // 124: alpaca.broker.v1.BrokerService.DownloadAccountDocument:output_type -> alpaca.broker.v1.DownloadAccountDocumentResponse
	119, // 125: alpaca.broker.v1.BrokerService.DownloadW8BenDocument:output_type -> alpaca.broker.v1.DownloadAccountDocumentResponse
	120, // 126: alpaca.broker.v1.BrokerService.ListBrokerWatchlists:output_type -> alpaca.broker.v1.ListBrokerWatchlistsResponse
	121, // 127: alpaca.broker.v1.BrokerService.CreateBrokerWatchlist:output_type -> alpaca.broker.v1.BrokerWatchlist
	121, // 128: alpaca.broker.v1.BrokerService.GetBrokerWatchlist:output_type -> alpaca.broker.v1.BrokerWatchlist
	121, // 129: alpaca.broker.v1.BrokerService.UpdateBrokerWatchlist:output_type -> alpaca.broker.v1.BrokerWatchlist
	122, // 130: alpaca.broker.v1.BrokerService.DeleteBrokerWatchlist:output_type -> alpaca.broker.v1.DeleteBrokerWatchlistResponse
	121, // 131: alpaca.broker.v1.BrokerService.AddBrokerWatchlistAsset:output_type -> alpaca.broker.v1.BrokerWatchlist
	123, // 132: alpaca.broker.v1.BrokerService.RemoveBrokerWatchlistAsset:output_type -> alpaca.broker.v1.RemoveBrokerWatchlistAssetResponse
	124, // 133: alpaca.broker.v1.BrokerService.ListBrokerCryptoWallets:output_type -> alpaca.broker.v1.ListBrokerCryptoWalletsResponse
	125, // 134: alpaca.broker.v1.BrokerService.ListBrokerCryptoTransfers:output_type -> alpaca.broker.v1.ListBrokerCryptoTransfersResponse
	126, // 135: alpaca.broker.v1.BrokerService.GetBrokerCryptoTransfer:output_type -> alpaca.broker.v1.BrokerCryptoTransfer
	126, // 136: alpaca.broker.v1.BrokerService.CreateBrokerCryptoTransfer:output_type -> alpaca.broker.v1.BrokerCryptoTransfer
	127, // 137: alpaca.broker.v1.BrokerService.ListBrokerWhitelistedAddresses:output_type -> alpaca.broker.v1.ListBrokerWhitelistedAddressesResponse
	128, // 138: alpaca.broker.v1.BrokerService.CreateBrokerWhitelistedAddress:output_type -> alpaca.broker.v1.BrokerWhitelistedAddress
	129, // 139: alpaca.broker.v1.BrokerService.DeleteBrokerWhitelistedAddress:output_type -> alpaca.broker.v1.DeleteBrokerWhitelistedAddressResponse
	130, // 140: alpaca.broker.v1.BrokerService.CreateJournal:output_type -> alpaca.broker.v1.Journal
	131, // 141: alpaca.broker.v1.BrokerService.ListJournals:output_type -> alpaca.broker.v1.ListJournalsResponse
	130, // 142: alpaca.broker.v1.BrokerService.GetJournal:output_type -> alpaca.broker.v1.Journal
	132, // 143: alpaca.broker.v1.BrokerService.DeleteJournal:output_type -> alpaca.broker.v1.DeleteJournalResponse
	133, // 144: alpaca.broker.v1.BrokerService.CreateBatchJournal:output_type -> alpaca.broker.v1.CreateBatchJournalResponse
	134, // 145: alpaca.broker.v1.BrokerService.ReverseBatchJournal:output_type -> alpaca.broker.v1.ReverseBatchJournalResponse
	135, // 146: alpaca.broker.v1.BrokerService.ListPortfolios:output_type -> alpaca.broker.v1.ListPortfoliosResponse
	136, // 147: alpaca.broker.v1.BrokerService.CreatePortfolio:output_type -> alpaca.broker.v1.RebalancingPortfolio
	136, // 148: alpaca.broker.v1.BrokerService.GetPortfolio:output_type -> alpaca.broker.v1.RebalancingPortfolio
	136, // 149: alpaca.broker.v1.BrokerService.UpdatePortfolio:output_type -> alpaca.broker.v1.RebalancingPortfolio
	137, // 150: alpaca.broker.v1.BrokerService.DeletePortfolio:output_type -> alpaca.broker.v1.DeletePortfolioResponse
	138, // 151: alpaca.broker.v1.BrokerService.ListSubscriptions:output_type -> alpaca.broker.v1.ListSubscriptionsResponse
	139, // 152: alpaca.broker.v1.BrokerService.CreateSubscription:output_type -> alpaca.broker.v1.RebalancingSubscription
	139, // 153: alpaca.broker.v1.BrokerService.GetSubscription:output_type -> alpaca.broker.v1.RebalancingSubscription
	140, // 154: alpaca.broker.v1.BrokerService.DeleteSubscription:output_type -> alpaca.broker.v1.DeleteSubscriptionResponse
	141, // 155: alpaca.broker.v1.BrokerService.ListRuns:output_type -> alpaca.broker.v1.ListRunsResponse
	142, // 156: alpaca.broker.v1.BrokerService.CreateRun:output_type -> alpaca.broker.v1.RebalancingRun
	142, // 157: alpaca.broker.v1.BrokerService.GetRun:output_type -> alpaca.broker.v1.RebalancingRun
	143, // 158: alpaca.broker.v1.BrokerService.CancelRun:output_type -> alpaca.broker.v1.CancelRunResponse
	144, // 159: alpaca.broker.v1.BrokerService.ListJITSettlements:output_type -> alpaca.broker.v1.ListJITSettlementsResponse
	145, // 160: alpaca.broker.v1.BrokerService.GetJITSettlement:output_type -> alpaca.broker.v1.JITSettlement
	145, // 161: alpaca.broker.v1.BrokerService.CreateJITSettlement:output_type -> alpaca.broker.v1.JITSettlement
	146, // 162: alpaca.broker.v1.BrokerService.ListJITLedgers:output_type -> alpaca.broker.v1.ListJITLedgersResponse
	147, // 163: alpaca.broker.v1.BrokerService.GetJITLedgerBalances:output_type -> alpaca.broker.v1.GetJITLedgerBalancesResponse
	148, // 164: alpaca.broker.v1.BrokerService.GetJITLimits:output_type -> alpaca.broker.v1.JITLimits
	149, // 165: alpaca.broker.v1.BrokerService.ListInstantFunding:output_type -> alpaca.broker.v1.ListInstantFundingResponse
	150, // 166: alpaca.broker.v1.BrokerService.DeleteInstantFunding:output_type -> alpaca.broker.v1.DeleteInstantFundingResponse
	151, // 167: alpaca.broker.v1.BrokerService.ListInstantFundingSettlements:output_type -> alpaca.broker.v1.ListInstantFundingSettlementsResponse
	152, // 168: alpaca.broker.v1.BrokerService.CreateInstantFundingSettlement:output_type -> alpaca.broker.v1.InstantFundingSettlement
	153, // 169: alpaca.broker.v1.BrokerService.ListFPSLTiers:output_type -> alpaca.broker.v1.ListFPSLTiersResponse
	154, // 170: alpaca.broker.v1.BrokerService.ListFPSLLoans:output_type -> alpaca.broker.v1.ListFPSLLoansResponse
	155, // 171: alpaca.broker.v1.BrokerService.ListAPRTiers:output_type -> alpaca.broker.v1.ListAPRTiersResponse
	156, // 172: alpaca.broker.v1.BrokerService.CreateOAuthToken:output_type -> alpaca.broker.v1.OAuthToken
	157, // 173: alpaca.broker.v1.BrokerService.AuthorizeOAuth:output_type -> alpaca.broker.v1.AuthorizeOAuthResponse
	158, // 174: alpaca.broker.v1.BrokerService.GetOAuthClient:output_type -> alpaca.broker.v1.OAuthClient
	158, // 175: alpaca.broker.v1.BrokerService.CreateOAuthClient:output_type -> alpaca.broker.v1.OAuthClient
	158, // 176: alpaca.broker.v1.BrokerService.UpdateOAuthClient:output_type -> alpaca.broker.v1.OAuthClient
	159, // 177: alpaca.broker.v1.BrokerService.DeleteOAuthClient:output_type -> alpaca.broker.v1.DeleteOAuthClientResponse
	160, // 178: alpaca.broker.v1.BrokerService.RevokeOAuthAuthorization:output_type -> alpaca.broker.v1.RevokeOAuthAuthorizationResponse
	161, // 179: alpaca.broker.v1.BrokerService.SubscribeAccountEvents:output_type -> alpaca.broker.v1.SubscribeSSEResponse
	161, // 180: alpaca.broker.v1.BrokerService.SubscribeTradeEvents:output_type -> alpaca.broker.v1.SubscribeSSEResponse
	161, // 181: alpaca.broker.v1.BrokerService.SubscribeTransferEvents:output_type -> alpaca.broker.v1.SubscribeSSEResponse
	161, // 182: alpaca.broker.v1.BrokerService.SubscribeJournalEvents:output_type -> alpaca.broker.v1.SubscribeSSEResponse
	161, // 183: alpaca.broker.v1.BrokerService.SubscribeNTAEvents:output_type -> alpaca.broker.v1.SubscribeSSEResponse
	162, // 184: alpaca.broker.v1.BrokerService.GetCIPInfo:output_type -> alpaca.broker.v1.CIPInfo
	162, // 185: alpaca.broker.v1.BrokerService.UpdateCIPInfo:output_type -> alpaca.broker.v1.CIPInfo
	163, // 186: alpaca.broker.v1.BrokerService.CreateOnfidoApplicant:output_type -> alpaca.broker.v1.OnfidoApplicant
	163, // 187: alpaca.broker.v1.BrokerService.GetOnfidoApplicant:output_type -> alpaca.broker.v1.OnfidoApplicant
	164, // 188: alpaca.broker.v1.BrokerService.GenerateOnfidoSDKToken:output_type -> alpaca.broker.v1.OnfidoSDKToken
	165, // 189: alpaca.broker.v1.BrokerService.CreateOnfidoCheck:output_type -> alpaca.broker.v1.OnfidoCheck
	165, // 190: alpaca.broker.v1.BrokerService.GetOnfidoCheck:output_type -> alpaca.broker.v1.OnfidoCheck
	166, // 191: alpaca.broker.v1.BrokerService.ListOnfidoChecks:output_type -> alpaca.broker.v1.ListOnfidoChecksResponse
	167, // 192: alpaca.broker.v1.BrokerService.UploadOnfidoDocument:output_type -> alpaca.broker.v1.OnfidoDocument
	168, // 193: alpaca.broker.v1.BrokerService.UploadOnfidoPhoto:output_type -> alpaca.broker.v1.OnfidoPhoto
	169, // 194: alpaca.broker.v1.BrokerService.GetMarketCalendar:output_type -> alpaca.broker.v1.GetMarketCalendarResponse
	170, // 195: alpaca.broker.v1.BrokerService.GetMarketClock:output_type -> alpaca.broker.v1.MarketClock
	171, // 196: alpaca.broker.v1.BrokerService.GetOptionsApproval:output_type -> alpaca.broker.v1.OptionsApproval
	171, // 197: alpaca.broker.v1.BrokerService.RequestOptionsApproval:output_type -> alpaca.broker.v1.OptionsApproval
	171, // 198: alpaca.broker.v1.BrokerService.UpdateOptionsApproval:output_type -> alpaca.broker.v1.OptionsApproval
	172, // 199: alpaca.broker.v1.BrokerService.ListBrokerOptionContracts:output_type -> alpaca.broker.v1.ListBrokerOptionContractsResponse
	173, // 200: alpaca.broker.v1.BrokerService.GetBrokerOptionContract:output_type -> alpaca.broker.v1.BrokerOptionContract
	174, // 201: alpaca.broker.v1.BrokerService.ListIRAExcessContributions:output_type -> alpaca.broker.v1.ListIRAExcessContributionsResponse
	175, // 202: alpaca.broker.v1.BrokerService.GetIRAExcessContribution:output_type -> alpaca.broker.v1.IRAExcessContribution
	175, // 203: alpaca.broker.v1.BrokerService.CreateIRAExcessContribution:output_type -> alpaca.broker.v1.IRAExcessContribution
	176, // 204: alpaca.broker.v1.BrokerService.GetIRAContributionLimits:output_type -> alpaca.broker.v1.IRAContributionLimits
	177, // 205: alpaca.broker.v1.BrokerService.ListCountries:output_type -> alpaca.broker.v1.ListCountriesResponse
	103, // [103:206] is the sub-list for method output_type
	0,   // [0:103] is the sub-list for method input_type
	0,   // [0:0] is the sub-list for extension type_name
	0,   // [0:0] is the sub-list for extension extendee
	0,   // [0:0] is the sub-list for field type_name
}

func init() { file_alpaca_broker_v1_service_proto_init() }
func file_alpaca_broker_v1_service_proto_init() {
	if File_alpaca_broker_v1_service_proto != nil {
		return
	}
	file_alpaca_broker_v1_broker_account_proto_init()
	file_alpaca_broker_v1_create_account_proto_init()
	file_alpaca_broker_v1_list_accounts_proto_init()
	file_alpaca_broker_v1_get_account_proto_init()
	file_alpaca_broker_v1_update_account_proto_init()
	file_alpaca_broker_v1_close_account_proto_init()
	file_alpaca_broker_v1_ach_relationship_proto_init()
	file_alpaca_broker_v1_create_ach_relationship_proto_init()
	file_alpaca_broker_v1_list_ach_relationships_proto_init()
	file_alpaca_broker_v1_delete_ach_relationship_proto_init()
	file_alpaca_broker_v1_transfer_proto_init()
	file_alpaca_broker_v1_create_transfer_proto_init()
	file_alpaca_broker_v1_list_transfers_proto_init()
	file_alpaca_broker_v1_get_transfer_proto_init()
	file_alpaca_broker_v1_cancel_transfer_proto_init()
	file_alpaca_broker_v1_trading_order_proto_init()
	file_alpaca_broker_v1_create_trading_order_proto_init()
	file_alpaca_broker_v1_list_trading_orders_proto_init()
	file_alpaca_broker_v1_get_trading_order_proto_init()
	file_alpaca_broker_v1_cancel_trading_order_proto_init()
	file_alpaca_broker_v1_trading_position_proto_init()
	file_alpaca_broker_v1_document_proto_init()
	file_alpaca_broker_v1_watchlist_proto_init()
	file_alpaca_broker_v1_broker_crypto_funding_proto_init()
	file_alpaca_broker_v1_journal_proto_init()
	file_alpaca_broker_v1_rebalancing_proto_init()
	file_alpaca_broker_v1_jit_proto_init()
	file_alpaca_broker_v1_instant_funding_proto_init()
	file_alpaca_broker_v1_fpsl_proto_init()
	file_alpaca_broker_v1_oauth_proto_init()
	file_alpaca_broker_v1_sse_proto_init()
	file_alpaca_broker_v1_cip_proto_init()
	file_alpaca_broker_v1_onfido_proto_init()
	file_alpaca_broker_v1_calendar_proto_init()
	file_alpaca_broker_v1_options_proto_init()
	file_alpaca_broker_v1_ira_proto_init()
	file_alpaca_broker_v1_country_proto_init()
	type x struct{}
	out := protoimpl.TypeBuilder{
		File: protoimpl.DescBuilder{
			GoPackagePath: reflect.TypeOf(x{}).PkgPath(),
			RawDescriptor: unsafe.Slice(unsafe.StringData(file_alpaca_broker_v1_service_proto_rawDesc), len(file_alpaca_broker_v1_service_proto_rawDesc)),
			NumEnums:      0,
			NumMessages:   0,
			NumExtensions: 0,
			NumServices:   1,
		},
		GoTypes:           file_alpaca_broker_v1_service_proto_goTypes,
		DependencyIndexes: file_alpaca_broker_v1_service_proto_depIdxs,
	}.Build()
	File_alpaca_broker_v1_service_proto = out.File
	file_alpaca_broker_v1_service_proto_goTypes = nil
	file_alpaca_broker_v1_service_proto_depIdxs = nil
}
